{
    "scaling_approx": {
        "blendingInv": [
            9.098912745975793,
            7.763011933733758,
            7.441452130998142,
            7.280585835444399,
            6.91156768758062,
            6.26714990035552,
            5.440818927605516,
            4.57994865951231,
            3.8103743607061253,
            3.1913370802599252,
            2.7003513088911095,
            2.2478285869216448,
            1.7214299713287424,
            1.0601911553543153,
            0.3584976364337462
        ],
        "Sales": [
            1.075513745705441,
            0.12395237075801635,
            0.0,
            0.23871652297643386,
            0.5420109182498243,
            0.7484288087737418,
            0.8029400172662235,
            0.7267261215836385,
            0.5869680100940045,
            0.46663343705059646,
            0.43426457796570617,
            0.5137655849836975,
            0.6541901422554446,
            0.6995290213108092,
            0.3584976364337462
        ],
        "salesDiv": {
            "2": [
                0.36447588302868494,
                0.6171174998513296,
                0.0,
                0.39226201459578663,
                0.43426457796570617,
                0.4796632245584927,
                0.6541901422554446,
                0.6995290213108092,
                0.3584976364337462
            ],
            "1": [
                1.075513745705441,
                0.12395237075801635,
                0.0,
                0.23871652297643386,
                0.5420109182498243,
                0.7484288087737418,
                0.4384641342375386,
                0.1096086217323089,
                0.5869680100940045,
                0.07437142245480981,
                0.0,
                0.034102360425204835,
                0.0,
                0.0,
                0.0
            ]
        },
        "purchasingInv": [
            9.587066086839068,
            8.023399000270352,
            7.639059562975743,
            7.441452130998142,
            7.041869312467966,
            6.369556769330796,
            5.518721091581779,
            4.637878910339293,
            3.853222537928671,
            3.223406350612121,
            2.724703643209329,
            2.2660867309254034,
            1.7340630019379473,
            1.067239829073298,
            0.36066213404350805
        ],
        "serviceLevel": [
            0.993034228851831,
            1.0
        ],
        "Outdating": 0.0,
        "Purchasing": [
            11.9675663983595,
            11.747353330392588,
            11.1310200204471,
            10.319523927519302,
            9.558409741745587,
            8.883685569007755,
            8.122119154710315,
            7.473290467404899,
            6.784587318804851
        ]
    },
    "ub_large": {
        "blendingInv": [
            9.055175495946305,
            6.826210633145837,
            6.649630002737886,
            6.505880996964198,
            6.38549721424798,
            6.282834061968676,
            4.715319665574357,
            4.656422127230445,
            4.604642299160145,
            2.5787290356813815,
            2.555681365249582,
            2.5350899210838973,
            2.5166212330752447,
            2.5000000000000004,
            0.0
        ],
        "Sales": [
            2.0,
            0.0,
            0.0,
            0.0,
            0.0,
            1.5,
            0.0,
            0.0,
            2.0,
            0.0,
            0.0,
            0.0,
            0.0,
            2.5000000000000004,
            0.0
        ],
        "salesDiv": {
            "2": [
                0.0,
                0.0,
                1.5,
                0.0,
                0.0,
                0.0,
                0.0,
                0.0,
                0.0,
                0.0,
                2.5000000000000004,
                0.0
            ],
            "1": [
                2.0,
                0.0,
                0.0,
                0.0,
                0.0,
                0.0,
                0.0,
                0.0,
                2.0,
                0.0,
                0.0,
                0.0,
                0.0,
                0.0,
                0.0
            ]
        },
        "purchasingInv": [
            9.540982349342544,
            7.055175495946305,
            6.826210633145837,
            6.649630002737886,
            6.505880996964198,
            6.38549721424798,
            4.782834061968676,
            4.715319665574357,
            4.656422127230445,
            2.604642299160145,
            2.5787290356813815,
            2.555681365249582,
            2.5350899210838973,
            2.5166212330752447,
            0.0
        ],
        "ub": 3329.0047104586306,
        "Purchasing": [
            12.0,
            12.0,
            12.0,
            12.0,
            12.0,
            12.0,
            1.617462829209101,
            0.0,
            0.0
        ]
    },
    "ub_base": {
        "blendingInv": [
            8.701889396844685,
            6.332210809429339,
            6.096294657627282,
            2.040316806605848,
            2.0
        ],
        "Sales": [
            2.0,
            0.0,
            4.0,
            0.0,
            2.0
        ],
        "salesDiv": {
            "2": [
                2.0,
                0.0,
                2.0
            ],
            "1": [
                2.0,
                0.0,
                2.0,
                0.0,
                0.0
            ]
        },
        "purchasingInv": [
            9.727922900088096,
            6.701889396844684,
            6.332210809429339,
            2.096294657627282,
            2.040316806605848
        ],
        "ub": 3185.385844042908,
        "Purchasing": [
            12.0,
            12.0,
            12.0,
            12.0,
            12.0,
            12.0,
            3.1231783241732765,
            0.0,
            0.0
        ]
    }
}
