{
    "scaling_approx": {
        "blendingInv": [
            7.840025393974326,
            6.878067381450444,
            6.617593206614081,
            6.4745367593119285,
            6.179045017678025,
            5.664723628546764,
            4.982931747537354,
            4.235839465778693,
            3.52636441891907,
            2.9242321882447104,
            2.447829761453163,
            2.061714790490772,
            1.6897401124388813,
            1.243802802603958,
            0.6682519138578855
        ],
        "Sales": [
            0.7312537698684776,
            0.08474428013152246,
            0.0,
            0.17900013763756917,
            0.42175832304330374,
            0.6104457893191271,
            0.6935145539372476,
            0.66982060000755,
            0.5727470575450537,
            0.45432738473730705,
            0.36936854921185525,
            0.3595742093034788,
            0.4376678953222344,
            0.5715161908198801,
            0.6682519138578855
        ],
        "salesDiv": {
            "2": [
                0.6817240239499633,
                0.66982060000755,
                0.0,
                0.24207661752715248,
                0.36936854921185525,
                0.3595742093034788,
                0.4376678953222344,
                0.5715161908198801,
                0.6682519138578855
            ],
            "1": [
                0.7312537698684776,
                0.08474428013152246,
                0.0,
                0.17900013763756917,
                0.42175832304330374,
                0.6104457893191271,
                0.011790529987284248,
                0.0,
                0.5727470575450537,
                0.21225076721015457,
                0.0,
                0.0,
                0.0,
                0.0,
                0.0
            ]
        },
        "purchasingInv": [
            8.260639888845057,
            7.108771624105849,
            6.793323101318923,
            6.617593206614081,
            6.29553662167436,
            5.757286694634721,
            5.054277839227638,
            4.289417193600106,
            3.5660188657711434,
            2.9536173613740164,
            2.4699048035074034,
            2.0784612122412898,
            1.7021405811872934,
            1.252072217116647,
            0.6722866117840781
        ],
        "serviceLevel": [
            0.7059976636856231,
            1.0
        ],
        "Outdating": 0.0,
        "Purchasing": [
            11.944685327576513,
            11.774812277753131,
            11.251040602851756,
            10.340106375490986,
            8.86185568588202,
            7.034528208521292,
            5.352500292630539,
            3.8507478580404806,
            2.4807872454108986
        ]
    },
    "ub_large": {
        "blendingInv": [
            8.175149983080184,
            6.367780365846117,
            6.203058423947542,
            6.06896322153306,
            5.956664095540028,
            5.860895529271987,
            4.299337209333894,
            4.245635573792859,
            4.198423728720964,
            2.578729035681381,
            2.5556813652495816,
            2.535089921083897,
            2.516621233075244,
            2.499999999999999,
            0.0
        ],
        "Sales": [
            1.5937814295608197,
            0.0,
            0.0,
            0.0,
            0.0,
            1.5,
            0.0,
            0.0,
            1.5937814295608197,
            0.0,
            0.0,
            0.0,
            0.0,
            2.5000000000000004,
            0.0
        ],
        "salesDiv": {
            "2": [
                0.0,
                0.0,
                1.5,
                0.0,
                0.0,
                0.0,
                0.0,
                0.0,
                0.0,
                0.0,
                2.5000000000000004,
                0.0
            ],
            "1": [
                1.5937814295608197,
                0.0,
                0.0,
                0.0,
                0.0,
                0.0,
                0.0,
                0.0,
                1.5937814295608197,
                0.0,
                0.0,
                0.0,
                0.0,
                0.0,
                0.0
            ]
        },
        "purchasingInv": [
            8.613743789583484,
            6.581368553519364,
            6.367780365846117,
            6.203058423947542,
            6.06896322153306,
            5.956664095540028,
            4.360895529271987,
            4.299337209333894,
            4.245635573792859,
            2.6046422991601443,
            2.578729035681381,
            2.5556813652495816,
            2.535089921083897,
            2.516621233075244,
            0.0
        ],
        "ub": 3356.4483348834474,
        "Purchasing": [
            12.0,
            12.0,
            12.0,
            12.0,
            12.0,
            12.0,
            0.0,
            0.0,
            0.0
        ]
    },
    "ub_base": {
        "blendingInv": [
            6.173618073004002,
            5.08128748016216,
            4.891976380990486,
            2.040316806605848,
            2.0
        ],
        "Sales": [
            0.7956817233632032,
            0.0,
            2.7956817233632036,
            0.0,
            2.0
        ],
        "salesDiv": {
            "2": [
                2.0,
                0.0,
                2.0
            ],
            "1": [
                0.7956817233632032,
                0.0,
                0.7956817233632032,
                0.0,
                0.0
            ]
        },
        "purchasingInv": [
            6.901544927765908,
            5.377936349640799,
            5.08128748016216,
            2.096294657627282,
            2.040316806605848
        ],
        "ub": 3231.6013755955373,
        "Purchasing": [
            12.0,
            12.0,
            12.0,
            12.0,
            12.0,
            0.0,
            0.0,
            0.0,
            0.0
        ]
    }
}
