{
    "scaling_approx": {
        "blendingInv": [
            8.798420515032044,
            7.559224948564411,
            7.231997403742953,
            7.075659015574303,
            6.740683062818473,
            6.134743032239191,
            5.317850232505176,
            4.419523767891856,
            3.575718890697792,
            2.884588944380483,
            2.380670012821598,
            2.0273136668596665,
            1.727312329702107,
            1.3517237317870208,
            0.7869323514358881
        ],
        "Sales": [
            0.9856439261444137,
            0.1351821738555865,
            0.0,
            0.20789596227637386,
            0.5056967244691366,
            0.7407513132544894,
            0.8424253750065533,
            0.803595432603367,
            0.6621431422330604,
            0.4824495501999843,
            0.33688934973024676,
            0.28732513777900426,
            0.36660167183533776,
            0.5600401267287743,
            0.7869323514358881
        ],
        "salesDiv": {
            "2": [
                0.5657994638110915,
                0.803595432603367,
                0.0,
                0.2928164660762902,
                0.33688934973024676,
                0.28732513777900426,
                0.36660167183533776,
                0.5600401267287743,
                0.7869323514358881
            ],
            "1": [
                0.9856439261444137,
                0.1351821738555865,
                0.0,
                0.20789596227637386,
                0.5056967244691366,
                0.7407513132544894,
                0.27662591119546187,
                0.0,
                0.6621431422330604,
                0.18963308412369412,
                0.0,
                0.0,
                0.0,
                0.0,
                0.0
            ]
        },
        "purchasingInv": [
            9.270452557611243,
            7.81277658888763,
            7.424042774708825,
            7.231997403742953,
            6.867763053297929,
            6.234986338349337,
            5.393991718984702,
            4.475424857498623,
            3.615928335288489,
            2.9135757484647318,
            2.402139394180499,
            2.043780663091351,
            1.7399885290806623,
            1.3607106578667691,
            0.7916836050582869
        ],
        "serviceLevel": [
            0.9258930593880541,
            1.0
        ],
        "Outdating": 0.0,
        "Purchasing": [
            11.959947114106766,
            11.778493876984758,
            11.239211832825628,
            10.43987437829962,
            9.575004241370213,
            8.453626357827297,
            7.145296321750648,
            5.968879150425022,
            4.865299193518237
        ]
    },
    "ub_large": {
        "blendingInv": [
            9.055175495946305,
            6.826210633145837,
            6.649630002737886,
            6.505880996964198,
            6.38549721424798,
            6.282834061968676,
            4.715319665574357,
            4.656422127230445,
            4.604642299160145,
            2.5787290356813815,
            2.555681365249582,
            2.5350899210838973,
            2.5166212330752447,
            2.5000000000000004,
            0.0
        ],
        "Sales": [
            2.0,
            0.0,
            0.0,
            0.0,
            0.0,
            1.5,
            0.0,
            0.0,
            2.0,
            0.0,
            0.0,
            0.0,
            0.0,
            2.5000000000000004,
            0.0
        ],
        "salesDiv": {
            "2": [
                0.0,
                0.0,
                1.5,
                0.0,
                0.0,
                0.0,
                0.0,
                0.0,
                0.0,
                0.0,
                2.5000000000000004,
                0.0
            ],
            "1": [
                2.0,
                0.0,
                0.0,
                0.0,
                0.0,
                0.0,
                0.0,
                0.0,
                2.0,
                0.0,
                0.0,
                0.0,
                0.0,
                0.0,
                0.0
            ]
        },
        "purchasingInv": [
            9.540982349342544,
            7.055175495946305,
            6.826210633145837,
            6.649630002737886,
            6.505880996964198,
            6.38549721424798,
            4.782834061968676,
            4.715319665574357,
            4.656422127230445,
            2.604642299160145,
            2.5787290356813815,
            2.555681365249582,
            2.5350899210838973,
            2.5166212330752447,
            0.0
        ],
        "ub": 3329.004710458629,
        "Purchasing": [
            12.0,
            12.0,
            12.0,
            12.0,
            12.0,
            12.0,
            1.617462829209101,
            0.0,
            0.0
        ]
    },
    "ub_base": {
        "blendingInv": [
            8.701889396844685,
            6.332210809429339,
            6.096294657627282,
            2.040316806605848,
            2.0
        ],
        "Sales": [
            2.0,
            0.0,
            4.0,
            0.0,
            2.0
        ],
        "salesDiv": {
            "2": [
                2.0,
                0.0,
                2.0
            ],
            "1": [
                2.0,
                0.0,
                2.0,
                0.0,
                0.0
            ]
        },
        "purchasingInv": [
            9.727922900088096,
            6.701889396844684,
            6.332210809429339,
            2.096294657627282,
            2.040316806605848
        ],
        "ub": 3185.385844042906,
        "Purchasing": [
            12.0,
            12.0,
            12.0,
            12.0,
            12.0,
            12.0,
            3.1231783241732765,
            0.0,
            0.0
        ]
    }
}
