{
    "scaling_approx": {
        "blendingInv": [
            9.23205112184325,
            8.26133663201946,
            7.8075407692708465,
            7.610093615031379,
            7.496673312956363,
            7.361097789429878,
            7.147264744012486,
            6.83590702689786,
            6.4333438150177145,
            5.9619197147918745,
            5.45198786860983,
            4.935360413461887,
            4.44018225232841,
            3.9872018564513145,
            3.587423301124437,
            3.24113028061621,
            2.938277081686127,
            2.6602442930831973,
            2.3829588921309024,
            2.081379584430994,
            1.7353490738331065,
            1.3368154364279925,
            0.8984250528855555,
            0.46348968001297275,
            0.11733025933162514
        ],
        "Sales": [
            0.7733384453589185,
            0.2995356440341519,
            0.06734301767811068,
            0.0,
            0.035649138648262024,
            0.12594878456237812,
            0.2346857813246359,
            0.3363881545119618,
            0.4149378010476852,
            0.4621831785533388,
            0.4765519947004542,
            0.4616638965623512,
            0.42494315996619664,
            0.3762313788435101,
            0.3264001545845791,
            0.2859637853874444,
            0.2636919556112751,
            0.2652224251279307,
            0.29167371867341174,
            0.33825781519993825,
            0.39289283722771984,
            0.43481574019654445,
            0.4331950018178148,
            0.3457433114262958,
            0.11733025933162514
        ],
        "salesDiv": {
            "2": [
                0.4765519947004542,
                0.1438318931720248,
                0.0,
                0.0,
                0.3264001545845791,
                0.25873294324874085,
                0.2143961217962374,
                0.2652224251279307,
                0.29167371867341174,
                0.31726635110620854,
                0.37484008481813247,
                0.43481574019654445,
                0.4331950018178148,
                0.3457433114262958,
                0.11733025933162514
            ],
            "1": [
                0.7733384453589185,
                0.2995356440341519,
                0.06734301767811068,
                0.0,
                0.035649138648262024,
                0.12594878456237812,
                0.2346857813246359,
                0.3363881545119618,
                0.4149378010476852,
                0.4621831785533388,
                0.0,
                0.31783200339032636,
                0.42494315996619664,
                0.3762313788435101,
                0.0,
                0.027230842138703526,
                0.04929583381503772,
                0.0,
                0.0,
                0.02099146409372969,
                0.018052752409587376,
                0.0,
                0.0,
                0.0,
                0.0
            ]
        },
        "purchasingInv": [
            9.56489227210852,
            8.458712676484332,
            7.961800987985309,
            7.740197751592737,
            7.610093615031379,
            7.461024174308101,
            7.235149004867499,
            6.91257896268785,
            6.499518872385899,
            6.018406013970028,
            5.499736536238536,
            4.975435873909376,
            4.473696516899536,
            4.015239092362213,
            3.610970477607805,
            3.2610231465398583,
            2.9551664952287657,
            2.674585126074852,
            2.395021867955267,
            2.0912851734574907,
            1.7431217692310557,
            1.342456236605387,
            0.9019996962314482,
            0.46523005106774074,
            0.11774636858667234
        ],
        "serviceLevel": [
            0.9961468450941335,
            0.9999999999999999
        ],
        "Outdating": 0.0,
        "Purchasing": [
            11.948923755176853,
            11.682765705865478,
            11.044131035278163,
            10.260190414253142,
            9.536030969614561,
            8.950930114860668,
            8.154076895510162,
            7.549461263083857,
            6.795773388072281
        ]
    },
    "ub_large": {
        "blendingInv": [
            9.153264458449774,
            6.9863498110537146,
            6.850988998657725,
            6.735831474668326,
            6.635441114282447,
            6.546571861599176,
            6.467051643176058,
            6.395321342370445,
            6.33020717545612,
            6.270794438006617,
            4.5169491522464025,
            4.480566647942928,
            4.44700091644986,
            4.415948814464786,
            4.387152365775843,
            2.372590279026448,
            2.3590304141408587,
            2.346381551010046,
            2.3345635612441598,
            2.3235056589133714,
            2.3131449933184993,
            2.3034255042708387,
            2.294296981627203,
            2.2857142857142856,
            0.0
        ],
        "Sales": [
            2.0,
            0.0,
            0.0,
            0.0,
            0.0,
            0.0,
            0.0,
            0.0,
            0.0,
            1.7142857142857144,
            0.0,
            0.0,
            0.0,
            0.0,
            2.0,
            0.0,
            0.0,
            0.0,
            0.0,
            0.0,
            0.0,
            0.0,
            0.0,
            2.2857142857142856,
            0.0
        ],
        "salesDiv": {
            "2": [
                0.0,
                0.0,
                0.0,
                0.0,
                0.0,
                1.7142857142857144,
                0.0,
                0.0,
                0.0,
                0.0,
                0.0,
                0.0,
                0.0,
                0.0,
                0.0,
                0.0,
                0.0,
                0.0,
                0.0,
                2.2857142857142856,
                0.0
            ],
            "1": [
                2.0,
                0.0,
                0.0,
                0.0,
                0.0,
                0.0,
                0.0,
                0.0,
                0.0,
                0.0,
                0.0,
                0.0,
                0.0,
                0.0,
                2.0,
                0.0,
                0.0,
                0.0,
                0.0,
                0.0,
                0.0,
                0.0,
                0.0,
                0.0,
                0.0
            ]
        },
        "purchasingInv": [
            9.483265130112471,
            7.153264458449774,
            6.9863498110537146,
            6.850988998657725,
            6.735831474668326,
            6.635441114282447,
            6.546571861599176,
            6.467051643176058,
            6.395321342370445,
            6.33020717545612,
            4.556508723720903,
            4.5169491522464025,
            4.480566647942928,
            4.44700091644986,
            4.415948814464786,
            2.387152365775843,
            2.372590279026448,
            2.3590304141408587,
            2.346381551010046,
            2.3345635612441598,
            2.3235056589133714,
            2.3131449933184993,
            2.3034255042708387,
            2.294296981627203,
            0.0
        ],
        "ub": 3384.6908012545955,
        "Purchasing": [
            12.0,
            12.0,
            12.0,
            12.0,
            12.0,
            12.0,
            7.116997040007491,
            0.0,
            0.0
        ]
    },
    "ub_base": {
        "blendingInv": [
            8.69967154658909,
            6.331495125530211,
            6.096166056757783,
            2.0402776817791852,
            2.0
        ],