{
    "scaling_approx": {
        "blendingInv": [
            9.010861586602164,
            8.063804821214328,
            7.598399875570555,
            7.388719199392228,
            7.2785982460984,
            7.165015341925911,
            6.9866403678078735,
            6.714467534137027,
            6.343765960121815,
            5.887066192074678,
            5.368053084202764,
            4.816296631911456,
            4.262781381856238,
            3.7362105656845337,
            3.260070144572391,
            2.850443548292575,
            2.5145715086426774,
            2.250153790994848,
            2.045391252953475,
            1.879767764991297,
            1.7255722774069528,
            1.5501618175522094,
            1.3189665230374819,
            0.9992380105309635,
            0.5645424813571885
        ],
        "Sales": [
            0.7544000598398171,
            0.3152769013178607,
            0.08336121411119901,
            0.0,
            0.01631832473112338,
            0.09246578415848283,
            0.19686297038340594,
            0.30544793789499813,
            0.40092266971049195,
            0.4719995435155794,
            0.5126477978049877,
            0.5213399980223805,
            0.5002985027011935,
            0.4547419296047863,
            0.39213162186665196,
            0.3214181141311947,
            0.25228759869368034,
            0.19440839164076884,
            0.15667739899092936,
            0.1464665828344751,
            0.16886942747497713,
            0.22594740556741044,
            0.31597644426132376,
            0.43269339133910023,
            0.5645424813571885
        ],
        "salesDiv": {
            "2": [
                0.5126477978049877,
                0.20775825147330784,
                0.0,
                0.4547419296047863,
                0.36640888437596464,
                0.07884106636862792,
                0.20597581307634755,
                0.19440839164076884,
                0.13986543823484157,
                0.1464665828344751,
                0.15372612206086897,
                0.22594740556741044,
                0.31597644426132376,
                0.43269339133910023,
                0.5645424813571887
            ],
            "1": [
                0.7544000598398171,
                0.3152769013178607,
                0.08336121411119901,
                0.0,
                0.01631832473112338,
                0.09246578415848283,
                0.19686297038340594,
                0.30544793789499813,
                0.40092266971049195,
                0.4719995435155794,
                0.0,
                0.31358174654907267,
                0.5002985027011935,
                0.0,
                0.025722737490687313,
                0.24257704776256678,
                0.04631178561733278,
                0.0,
                0.016811960756087787,
                0.0,
                0.01514330541410815,
                0.0,
                0.0,
                0.0,
                0.0
            ]
        },
        "purchasingInv": [
            9.335728238203524,
            8.256461526762347,
            7.748527919896467,
            7.515038661459357,
            7.388719199392228,
            7.262279921367277,
            7.072549557767427,
            6.7897773974244675,
            6.409019596242029,
            5.942843290411322,
            5.415066648559099,
            4.855405286397776,
            4.2949566338890754,
            3.762482879155044,
            3.2814686360797474,
            2.8679385227057392,
            2.5290254341613805,
            2.262283909948997,
            2.055745399354079,
            1.8887138539625454,
            1.733301182156822,
            1.5567028499319693,
            1.3242144119847992,
            1.002990078776158,
            0.5665446191918633
        ],
        "serviceLevel": [
            0.9493756229885019,
            0.9999999999999999
        ],
        "Outdating": 0.0,
        "Purchasing": [
            11.974768973295495,
            11.826694075794048,
            11.300425492328312,
            10.462579537396621,
            9.577886361148114,
            8.330006007671335,
            7.034378148807125,
            5.858340136272203,
            4.874408774065393
        ]
    },
    "ub_large": {
        "blendingInv": [
            9.153671113486567,
            6.986746977180588,
            6.851378469674699,
            6.736214399109618,
            6.6358183316446935,
            6.546944026844389,
            6.467419287786316,
            6.395684909193801,
            6.330567040612344,
            4.855987484628273,
            4.813827841000825,
            4.775054078835649,
            4.739282223249334,
            4.706189206697884,
            4.675500097356938,
            2.6591790342047483,
            2.6439812528055917,
            2.629804514436005,
            2.616559011877179,
            2.60416540886015,
            2.592553262855069,
            2.5816597420785583,
            2.5714285714285716,
            0.0,
            0.0
        ],
        "Sales": [
            2.0,
            0.0,
            0.0,
            0.0,
            0.0,
            0.0,
            0.0,
            0.0,
            1.4285714285714286,
            0.0,
            0.0,
            0.0,
            0.0,
            0.0,
            2.0,
            0.0,
            0.0,
            0.0,
            0.0,
            0.0,
            0.0,
            0.0,
            2.5714285714285716,
            0.0,
            0.0
        ],
        "salesDiv": {
            "2": [
                0.0,
                0.0,
                0.0,
                0.0,
                1.4285714285714286,
                0.0,
                0.0,
                0.0,
                0.0,
                0.0,
                0.0,
                0.0,
                0.0,
                0.0,
                0.0,
                0.0,
                0.0,
                0.0,
                2.5714285714285716,
                0.0,
                0.0
            ],
            "1": [
                2.0,
                0.0,
                0.0,
                0.0,
                0.0,
                0.0,
                0.0,
                0.0,
                0.0,
                0.0,
                0.0,
                0.0,
                0.0,
                0.0,
                2.0,
                0.0,
                0.0,
                0.0,
                0.0,
                0.0,
                0.0,
                0.0,
                0.0,
                0.0,
                0.0
            ]
        },
        "purchasingInv": [
            9.483686446195701,
            7.153671113486567,
            6.986746977180588,
            6.851378469674699,
            6.736214399109618,
            6.6358183316446935,
            6.546944026844389,
            6.467419287786316,
            6.395684909193801,
            4.901995612040915,
            4.855987484628273,
            4.813827841000825,
            4.775054078835649,
            4.739282223249334,
            4.706189206697884,
            2.675500097356938,
            2.6591790342047483,
            2.6439812528055917,
            2.629804514436005,
            2.616559011877179,
            2.60416540886015,
            2.592553262855069,
            2.5816597420785583,
            0.0,
            0.0
        ],
        "ub": 3330.7448112013135,
        "Purchasing": [
            12.0,
            12.0,
            12.0,
            12.0,
            12.0,
            8.990793357388398,
            0.0,
            0.0,
            0.0
        ]
    },
    "ub_base": {
        "blendingInv": [
            8.69967154658909,
            6.331495125530211,
            6.096166056757783,
            2.0402776817791852,
            2.0
        ],