{
    "scaling_approx": {
        "blendingInv": [
            6.768594961608672,
            6.0503059600837235,
            5.780354448823277,
            5.65539708958739,
            5.482502464124094,
            5.161135244588434,
            4.667839516047827,
            4.039401717805942,
            3.3533585039014793,
            2.7054004,
            2.183451217131931,
            1.8383007295124105,
            1.6507170306354826,
            1.4949925019653656,
            1.0988941523078997
        ],
        "Sales": [
            0.515349545287717,
            0.116454454712283,
            0.0,
            0.06953472047272213,
            0.23703291938970938,
            0.42646115745259716,
            0.5773447463105212,
            0.6483342420649432,
            0.6207719387748952,
            0.5022583619618978,
            0.330218762114767,
            0.1754696081950644,
            0.1457850811417536,
            0.3894635673762968,
            1.0988941523078997
        ],
        "salesDiv": {
            "2": [
                0.5773447463105212,
                0.6483342420649432,
                0.21203768285032748,
                0.43238568913452796,
                0.330218762114767,
                0.16553607669896125,
                0.1457850811417536,
                0.3894635673762968,
                1.0988941523078997
            ],
            "1": [
                0.515349545287717,
                0.116454454712283,
                0.0,
                0.06953472047272213,
                0.23703291938970938,
                0.42646115745259716,
                0.0,
                0.0,
                0.40873425592456775,
                0.06987267282736981,
                0.0,
                0.009933531496103163,
                0.0,
                0.0,
                0.0
            ]
        },
        "purchasingInv": [
            7.1317276056623164,
            6.253245416320955,
            5.9338515053714405,
            5.780354448823277,
            5.585862369114667,
            5.245469544734385,
            4.734674087135836,
            4.090494769737306,
            3.3910674757410004,
            2.732586565126584,
            2.203142038038102,
            1.8532324550171642,
            1.662831121317346,
            1.5049319494937292,
            1.105528934589069
        ],
        "serviceLevel": [
            0.4633433143907673,
            0.9999999999999996
        ],
        "Outdating": 0.0,
        "Purchasing": [
            11.996860529000863,
            11.963151999842802,
            11.683504432798259,
            9.670926436612145,
            6.802131553602146,
            4.887969540502716,
            3.205765847630374,
            2.360318327452052,
            2.1494670168391785
        ]
    },
    "ub_large": {
        "blendingInv": [
            4.7224069968858755,
            4.569148545589915,
            4.450953667938444,
            4.3547347558715375,
            4.274155439575678,
            4.2054374907557355,
            2.6672475856065385,
            2.6339318555844824,
            2.6046422991601443,
            2.578729035681381,
            2.5556813652495816,
            2.535089921083897,
            2.516621233075244,
            2.5,
            0.0
        ],
        "Sales": [
            0.0,
            0.0,
            0.0,
            0.0,
            0.0,
            1.5,
            0.0,
            0.0,
            0.0,
            0.0,
            0.0,
            0.0,
            0.0,
            2.5,
            0.0
        ],
        "salesDiv": {
            "2": [
                0.0,
                0.0,
                1.5,
                0.0,
                0.0,
                0.0,
                0.0,
                0.0,
                0.0,
                0.0,
                2.5,
                0.0
            ],
            "1": [
                0.0,
                0.0,
                0.0,
                0.0,
                0.0,
                0.0,
                0.0,
                0.0,
                0.0,
                0.0,
                0.0,
                0.0,
                0.0,
                0.0,
                0.0
            ]
        },
        "purchasingInv": [
            4.975762405032359,
            4.7224069968858755,
            4.569148545589915,
            4.450953667938444,
            4.3547347558715375,
            4.274155439575678,
            2.7054374907557355,
            2.6672475856065385,
            2.6339318555844824,
            2.6046422991601443,
            2.578729035681381,
            2.5556813652495816,
            2.535089921083897,
            2.516621233075244,
            0.0
        ],
        "ub": 3314.060126094574,
        "Purchasing": [
            12.0,
            12.0,
            12.0,
            12.0,
            3.11078744246227,
            0.0,
            0.0,
            0.0,
            0.0
        ]
    },
    "ub_base": {
        "blendingInv": [
            4.5032130620452415,
            4.254814238216398,
            4.096294657627282,
            2.040316806605848,
            2.0
        ],
        "Sales": [
            0.0,
            0.0,
            2.0,
            0.0,
            2.0
        ],
        "salesDiv": {
            "2": [
                2.0,
                0.0,
                2.0
            ],
            "1": [
                0.0,
                0.0,
                0.0,
                0.0,
                0.0
            ]
        },
        "purchasingInv": [
            5.0341836666104,
            4.5032130620452415,
            4.254814238216398,
            2.096294657627282,
            2.040316806605848
        ],
        "ub": 3248.6494012253265,
        "Purchasing": [
            12.0,
            12.0,
            12.0,
            12.0,
            3.2755845983251195,
            0.0,
            0.0,
            0.0,
            0.0
        ]
    }
}
