{
    "scaling_approx": {
        "blendingInv": [
            9.252214439460657,
            8.343908752504118,
            7.916191652932267,
            7.725822996201375,
            7.610677871537406,
            7.469583123560642,
            7.247894590824732,
            6.925635590098309,
            6.507399033670898,
            6.013716549891789,
            5.47375705275031,
            4.919281877288773,
            4.379814680037318,
            3.8790011053137143,
            3.4321430835239912,
            3.044898761826726,
            2.713143030338555,
            2.423986227102832,
            2.157950355297464,
            1.8923033128968711,
            1.6055524,
            1.2830988523076217,
            0.9240554325674466,
            0.5492292523974489,
            0.21027203554933527
        ],
        "Sales": [
            0.7089568674734984,
            0.2713101730050149,
            0.058285980617516886,
            0.0,
            0.03969568231612275,
            0.13256690625589185,
            0.24458066408733314,
            0.3512997477081883,
            0.43670543469758405,
            0.49202017436769224,
            0.5145302738155286,
            0.5064085839744208,
            0.4735371856658612,
            0.424330075651175,
            0.36855585268312074,
            0.31616040355762065,
            0.27608958916544557,
            0.2551119305438987,
            0.25664129492846177,
            0.2795595818045733,
            0.3170394089590238,
            0.3553667985321467,
            0.3727638630688324,
            0.3382114915717174,
            0.21027203554933527
        ],
        "salesDiv": {
            "2": [
                0.4180856578015955,
                0.0,
                0.43771631616068407,
                0.15301990264616006,
                0.0361963315366258,
                0.31616040355762065,
                0.27608958916544557,
                0.2551119305438987,
                0.23440668910234058,
                0.2795595818045733,
                0.3170394089590238,
                0.3553667985321467,
                0.3727638630688324,
                0.3382114915717174,
                0.21027203554933527
            ],
            "1": [
                0.7089568674734984,
                0.2713101730050149,
                0.058285980617516886,
                0.0,
                0.03969568231612275,
                0.13256690625589185,
                0.24458066408733314,
                0.3512997477081883,
                0.43670543469758405,
                0.49202017436769224,
                0.09644461601393312,
                0.5064085839744208,
                0.035820869505177155,
                0.2713101730050149,
                0.3323595211464949,
                0.0,
                0.0,
                0.0,
                0.022234605826121193,
                0.0,
                0.0,
                0.0,
                0.0,
                0.0,
                0.0
            ]
        },
        "purchasingInv": [
            9.585782533472269,
            8.543257571987159,
            8.072598579499104,
            7.857905672314751,
            7.725822996201375,
            7.570982189221284,
            7.3370162173047495,
            7.003313926737399,
            6.574335842390121,
            6.070693598973313,
            5.5216963755240975,
            4.959226778934781,
            4.412873293314351,
            3.906277494371457,
            3.4546710296625407,
            3.0635872308408705,
            2.7287383582691054,
            2.4370534411731097,
            2.1688742965589323,
            1.9013090603690022,
            1.6127437310922978,
            1.2885129910409763,
            0.9277320537754751,
            0.5512915694986142,
            0.2110177608257313
        ],
        "serviceLevel": [
            1.000000000000001,
            0.9999999999999999
        ],
        "Outdating": 0.0,
        "Purchasing": [
            11.978014218638728,
            11.799068625296798,
            11.205371594037443,
            10.36338390472386,
            9.556649171431385,
            8.799263532565508,
            8.093865243151054,
            7.3505348512998765,
            6.738369456787885
        ]
    },
    "ub_large": {
        "blendingInv": [
            9.153671113486567,
            6.986746977180588,
            6.851378469674699,
            6.736214399109618,
            6.6358183316446935,
            6.546944026844389,
            6.467419287786316,
            6.395684909193801,
            6.330567040612344,
            4.855987484628273,
            4.813827841000825,
            4.775054078835649,
            4.739282223249334,
            4.706189206697884,
            4.675500097356938,
            2.6591790342047483,
            2.6439812528055917,
            2.629804514436005,
            2.616559011877179,
            2.60416540886015,
            2.592553262855069,
            2.5816597420785583,
            2.5714285714285716,
            0.0,
            0.0
        ],
        "Sales": [
            2.0,
            0.0,
            0.0,
            0.0,
            0.0,
            0.0,
            0.0,
            0.0,
            1.4285714285714286,
            0.0,
            0.0,
            0.0,
            0.0,
            0.0,
            2.0,
            0.0,
            0.0,
            0.0,
            0.0,
            0.0,
            0.0,
            0.0,
            2.5714285714285716,
            0.0,
            0.0
        ],
        "salesDiv": {
            "2": [
                0.0,
                0.0,
                0.0,
                0.0,
                1.4285714285714286,
                0.0,
                0.0,
                0.0,
                0.0,
                0.0,
                0.0,
                0.0,
                0.0,
                0.0,
                0.0,
                0.0,
                0.0,
                0.0,
                2.5714285714285716,
                0.0,
                0.0
            ],
            "1": [
                2.0,
                0.0,
                0.0,
                0.0,
                0.0,
                0.0,
                0.0,
                0.0,
                0.0,
                0.0,
                0.0,
                0.0,
                0.0,
                0.0,
                2.0,
                0.0,
                0.0,
                0.0,
                0.0,
                0.0,
                0.0,
                0.0,
                0.0,
                0.0,
                0.0
            ]
        },
        "purchasingInv": [
            9.483686446195701,
            7.153671113486567,
            6.986746977180588,
            6.851378469674699,
            6.736214399109618,
            6.6358183316446935,
            6.546944026844389,
            6.467419287786316,
            6.395684909193801,
            4.901995612040915,
            4.855987484628273,
            4.813827841000825,
            4.775054078835649,
            4.739282223249334,
            4.706189206697884,
            2.675500097356938,
            2.6591790342047483,
            2.6439812528055917,
            2.629804514436005,
            2.616559011877179,
            2.60416540886015,
            2.592553262855069,
            2.5816597420785583,
            0.0,
            0.0
        ],
        "ub": 3330.7448112013158,
        "Purchasing": [
            12.0,
            12.0,
            12.0,
            12.0,
            12.0,
            8.990793357388398,
            0.0,
            0.0,
            0.0
        ]
    },
    "ub_base": {
        "blendingInv": [
            8.69967154658909,
            6.331495125530211,
            6.096166056757783,
            2.0402776817791852,
            2.0
        ],