{
    "scaling_approx": {
        "blendingInv": [
            9.262012014466883,
            8.88721145980319,
            8.466561086590827,
            8.040245153911881,
            7.6298471635075735,
            7.241001661804491,
            6.868348352990073,
            6.500354928836874,
            6.123513303430939,
            5.725767639702154,
            5.299125573834514,
            4.8414336782027725,
            4.357308704416106,
            3.858220054478322,
            3.361720377976047,
            2.8898217,
            2.466514639566364,
            2.1144283203864402,
            1.850628600571097,
            1.6815522906565825,
            1.5970751,
            1.56371114930914,
            1.5169420071027582,
            1.352673344446346,
            0.9178174498602942
        ],
        "Sales": [
            0.16247139748346723,
            0.2533693299782043,
            0.28885781371111097,
            0.2949628455146921,
            0.2905494133125255,
            0.2881986621885235,
            0.29508506045620164,
            0.3138535657279422,
            0.3434967909842612,
            0.3802321706430716,
            0.4183791266289485,
            0.45123623444240035,
            0.47195838922912525,
            0.4744339718492664,
            0.45416201494674713,
            0.409129369018399,
            0.34068786848337407,
            0.2544314977523081,
            0.161073557296778,
            0.07732382971777733,
            0.02676574581675606,
            0.040733550662737095,
            0.15918946966302183,
            0.43160087463206653,
            0.9178174498602942
        ],
        "salesDiv": {
            "2": [
                0.016844164787834126,
                0.45123623444240035,
                0.0,
                0.4744339718492664,
                0.45416201494674713,
                0.409129369018399,
                0.34068786848337407,
                0.1931016728594635,
                0.05500689362461636,
                0.029290719353023416,
                0.02676574581675606,
                0.040733550662737095,
                0.15918946966302183,
                0.43160087463206653,
                0.9178174498602942
            ],
            "1": [
                0.16247139748346723,
                0.2533693299782043,
                0.28885781371111097,
                0.2949628455146921,
                0.2905494133125255,
                0.2881986621885235,
                0.29508506045620164,
                0.3138535657279422,
                0.3434967909842612,
                0.3802321706430716,
                0.40153496184111437,
                0.0,
                0.47195838922912525,
                0.0,
                0.0,
                0.0,
                0.0,
                0.06132982489284461,
                0.10606666367216164,
                0.04803311036475392,
                0.0,
                0.0,
                0.0,
                0.0,
                0.0
            ]
        },
        "purchasingInv": [
            9.595933338339536,
            9.099540616983417,
            8.633842129824986,
            8.177703272879716,
            7.745282308397189,
            7.3392977501950485,
            6.952802999615966,
            6.573263292533872,
            6.186501363108931,
            5.780016512446677,
            5.345535469059082,
            4.880746447205565,
            4.390197443760373,
            3.8853503151869804,
            3.3837860826290562,
            2.9075583630293,
            2.480692330981601,
            2.12582677108299,
            1.8599968226341321,
            1.689555043274319,
            1.6042284609388051,
            1.570309354183244,
            1.5229775986464031,
            1.3577525374397363,
            0.9210724698142794
        ],
        "serviceLevel": [
            1.0,
            1.0
        ],
        "Outdating": 0.0,
        "Purchasing": [
            11.985199034042221,
            11.851108935923227,
            11.289932704751086,
            10.42091528086068,
            9.572079173803264,
            8.75163826449901,
            8.088146275118287,
            7.316878315462406,
            6.743526128081873
        ]
    },
    "ub_large": {
        "blendingInv": [
            9.153671113486567,
            6.986746977180588,
            6.851378469674699,
            6.736214399109618,
            6.6358183316446935,
            6.546944026844389,
            6.467419287786316,
            6.395684909193801,
            6.330567040612344,
            4.855987484628273,
            4.813827841000825,
            4.775054078835649,
            4.739282223249334,
            4.706189206697884,
            4.675500097356938,
            2.6591790342047483,
            2.6439812528055917,
            2.629804514436005,
            2.616559011877179,
            2.60416540886015,
            2.592553262855069,
            2.5816597420785583,
            2.5714285714285716,
            0.0,
            0.0
        ],
        "Sales": [
            2.0,
            0.0,
            0.0,
            0.0,
            0.0,
            0.0,
            0.0,
            0.0,
            1.4285714285714286,
            0.0,
            0.0,
            0.0,
            0.0,
            0.0,
            2.0,
            0.0,
            0.0,
            0.0,
            0.0,
            0.0,
            0.0,
            0.0,
            2.5714285714285716,
            0.0,
            0.0
        ],
        "salesDiv": {
            "2": [
                0.0,
                0.0,
                0.0,
                0.0,
                1.4285714285714286,
                0.0,
                0.0,
                0.0,
                0.0,
                0.0,
                0.0,
                0.0,
                0.0,
                0.0,
                0.0,
                0.0,
                0.0,
                0.0,
                2.5714285714285716,
                0.0,
                0.0
            ],
            "1": [
                2.0,
                0.0,
                0.0,
                0.0,
                0.0,
                0.0,
                0.0,
                0.0,
                0.0,
                0.0,
                0.0,
                0.0,
                0.0,
                0.0,
                2.0,
                0.0,
                0.0,
                0.0,
                0.0,
                0.0,
                0.0,
                0.0,
                0.0,
                0.0,
                0.0
            ]
        },
        "purchasingInv": [
            9.483686446195701,
            7.153671113486567,
            6.986746977180588,
            6.851378469674699,
            6.736214399109618,
            6.6358183316446935,
            6.546944026844389,
            6.467419287786316,
            6.395684909193801,
            4.901995612040915,
            4.855987484628273,
            4.813827841000825,
            4.775054078835649,
            4.739282223249334,
            4.706189206697884,
            2.675500097356938,
            2.6591790342047483,
            2.6439812528055917,
            2.629804514436005,
            2.616559011877179,
            2.60416540886015,
            2.592553262855069,
            2.5816597420785583,
            0.0,
            0.0
        ],
        "ub": 3303.0685732327447,
        "Purchasing": [
            12.0,
            12.0,
            12.0,
            12.0,
            12.0,
            5.6794093250740625,
            0.0,
            0.0,
            0.0
        ]
    },
    "ub_base": {
        "blendingInv": [
            8.69967154658909,
            6.331495125530211,
            6.096166056757783,
            2.0402776817791852,
            2.0
        ],