{
    "scaling_approx": {
        "blendingInv": [
            8.93849300045021,
            8.020848823602423,
            7.573483321878625,
            7.371842042641748,
            7.261972625309714,
            7.143526519652101,
            6.957954095916766,
            6.67883712834213,
            6.303598659059446,
            5.846310293237457,
            5.3314680894318744,
            4.788669012906218,
            4.248148838491683,
            3.737157878015981,
            3.2771599392353212,
            2.8818455180507465,
            2.5559538397169166,
            2.294900764045422,
            2.0852111874382557,
            1.9057556707009706,
            1.72979175946394,
            1.527810950793344,
            1.2711925677169869,
            0.936665983326589,
            0.5115827236982542
        ],
        "Sales": [
            0.7260137561822664,
            0.29772975492609843,
            0.07561035342405908,
            0.0,
            0.02147323546757618,
            0.10001596616951858,
            0.20420673701691605,
            0.31039800452849065,
            0.4018974098698651,
            0.4681490518928584,
            0.5039147601747409,
            0.5084553680575272,
            0.4847119856872357,
            0.4384872730531981,
            0.37762671302729833,
            0.31119988440331914,
            0.24868173493592138,
            0.1991338543805572,
            0.17038574753224106,
            0.16821610726437086,
            0.1955340875695235,
            0.25156057659718223,
            0.33100946969364387,
            0.42326894244139623,
            0.5115827236982542
        ],
        "salesDiv": {
            "2": [
                0.5039147601747409,
                0.20251180760737664,
                0.0,
                0.4384872730531981,
                0.3638314831153694,
                0.007589642475987701,
                0.24868173493592138,
                0.1991338543805572,
                0.17038574753224106,
                0.16821610726437086,
                0.17982587702976074,
                0.25156057659718223,
                0.33100946969364387,
                0.42326894244139623,
                0.5115827236982542
            ],
            "1": [
                0.7260137561822664,
                0.29772975492609843,
                0.07561035342405908,
                0.0,
                0.02147323546757618,
                0.10001596616951858,
                0.20420673701691605,
                0.31039800452849065,
                0.4018974098698651,
                0.4681490518928584,
                0.0,
                0.3059435604501506,
                0.4847119856872357,
                0.0,
                0.013795229911928913,
                0.30361024192733144,
                0.0,
                0.0,
                0.0,
                0.0,
                0.015708210539762762,
                0.0,
                0.0,
                0.0,
                0.0
            ]
        },
        "purchasingInv": [
            9.26075056300516,
            8.212479244267943,
            7.723119068676324,
            7.497872968454566,
            7.371842042641748,
            7.240499389842139,
            7.043510553482582,
            6.75374735889985,
            6.36843912381364,
            5.901701249189581,
            5.3781612413446,
            4.8275533292571335,
            4.28021364484869,
            3.763436852804447,
            3.2986706049627834,
            2.8995332262080225,
            2.5706456336474273,
            2.307272104780995,
            2.095766909664865,
            1.9148254399060145,
            1.7375395634366,
            1.5342576718944168,
            1.2762503741961617,
            0.9401830980233429,
            0.5133970408851908
        ],
        "serviceLevel": [
            0.9323158744985145,
            1.0000000000000002
        ],
        "Outdating": 0.0,
        "Purchasing": [
            11.95660517107806,
            11.777268194534567,
            11.237937056950104,
            10.43093724984347,
            9.550532090917008,
            8.447808429633247,
            7.130499358126695,
            5.969349846337998,
            4.864653002027397
        ]
    },
    "ub_large": {
        "blendingInv": [
            9.153264458449774,
            6.9863498110537146,
            6.850988998657725,
            6.735831474668326,
            6.635441114282447,
            6.546571861599176,
            6.467051643176058,
            6.395321342370445,
            6.33020717545612,
            6.270794438006617,
            4.5169491522464025,
            4.480566647942928,
            4.44700091644986,
            4.415948814464786,
            4.387152365775843,
            2.372590279026448,
            2.3590304141408587,
            2.346381551010046,
            2.3345635612441598,
            2.3235056589133714,
            2.3131449933184993,
            2.3034255042708387,
            2.294296981627203,
            2.2857142857142856,
            0.0
        ],
        "Sales": [
            2.0,
            0.0,
            0.0,
            0.0,
            0.0,
            0.0,
            0.0,
            0.0,
            0.0,
            1.7142857142857144,
            0.0,
            0.0,
            0.0,
            0.0,
            2.0,
            0.0,
            0.0,
            0.0,
            0.0,
            0.0,
            0.0,
            0.0,
            0.0,
            2.2857142857142856,
            0.0
        ],
        "salesDiv": {
            "2": [
                0.0,
                0.0,
                0.0,
                0.0,
                0.0,
                1.7142857142857144,
                0.0,
                0.0,
                0.0,
                0.0,
                0.0,
                0.0,
                0.0,
                0.0,
                0.0,
                0.0,
                0.0,
                0.0,
                0.0,
                2.2857142857142856,
                0.0
            ],
            "1": [
                2.0,
                0.0,
                0.0,
                0.0,
                0.0,
                0.0,
                0.0,
                0.0,
                0.0,
                0.0,
                0.0,
                0.0,
                0.0,
                0.0,
                2.0,
                0.0,
                0.0,
                0.0,
                0.0,
                0.0,
                0.0,
                0.0,
                0.0,
                0.0,
                0.0
            ]
        },
        "purchasingInv": [
            9.483265130112471,
            7.153264458449774,
            6.9863498110537146,
            6.850988998657725,
            6.735831474668326,
            6.635441114282447,
            6.546571861599176,
            6.467051643176058,
            6.395321342370445,
            6.33020717545612,
            4.556508723720903,
            4.5169491522464025,
            4.480566647942928,
            4.44700091644986,
            4.415948814464786,
            2.387152365775843,
            2.372590279026448,
            2.3590304141408587,
            2.346381551010046,
            2.3345635612441598,
            2.3235056589133714,
            2.3131449933184993,
            2.3034255042708387,
            2.294296981627203,
            0.0
        ],
        "ub": 3360.977656797667,
        "Purchasing": [
            12.0,
            12.0,
            12.0,
            12.0,
            12.0,
            12.0,
            1.1525786134818599,
            0.0,
            0.0
        ]
    },
    "ub_base": {
        "blendingInv": [
            8.69967154658909,
            6.331495125530211,
            6.096166056757783,
            2.0402776817791852,
            2.0
        ],