{
    "scaling_approx": {
        "blendingInv": [
            9.11749746813822,
            7.7405823119299315,
            7.371256691144465,
            7.211907852153667,
            6.885687829438668,
            6.289792452474536,
            5.481513445971703,
            4.589140738541659,
            3.745286280233955,
            3.041641417173622,
            2.504731138048171,
            2.092482407968645,
            1.7115517005674261,
            1.2554230679387341,
            0.663321364818521
        ],
        "Sales": [
            1.1172804243936918,
            0.1735822256063082,
            0.0,
            0.19640630270252135,
            0.4931185227635162,
            0.7297941745339624,
            0.8343261890456306,
            0.8017382053905253,
            0.6730798621003489,
            0.5143220885258915,
            0.39525239621656727,
            0.3683701702997211,
            0.44778196086059285,
            0.5880967743208861,
            0.663321364818521
        ],
        "salesDiv": {
            "2": [
                0.47199860296290036,
                0.6942872378992091,
                0.0,
                0.37089149262160215,
                0.39525239621656727,
                0.3683701702997211,
                0.44778196086059285,
                0.5880967743208861,
                0.663321364818521
            ],
            "1": [
                1.1172804243936918,
                0.1735822256063082,
                0.0,
                0.19640630270252135,
                0.4931185227635162,
                0.7297941745339624,
                0.36232758608273025,
                0.10745096749131626,
                0.6730798621003489,
                0.1434305959042893,
                0.0,
                0.0,
                0.0,
                0.0,
                0.0
            ]
        },
        "purchasingInv": [
            9.606647872548082,
            8.000217043744527,
            7.567000086323624,
            7.371256691144465,
            7.015501549451146,
            6.392569306675152,
            5.559998277940575,
            4.647187256926072,
            3.787402533151134,
            3.072206418133606,
            2.5273193286477307,
            2.109478741831604,
            1.724112237668924,
            1.2637697397068333,
            0.6673262936178744
        ],
        "serviceLevel": [
            0.9991176653946713,
            1.0
        ],
        "Outdating": 0.0,
        "Purchasing": [
            11.987046429964884,
            11.854247518356518,
            11.297321735133709,
            10.419468674616837,
            9.575897367277092,
            8.788049355261006,
            8.091006448925224,
            7.338787717534836,
            6.750351947442516
        ]
    },
    "ub_large": {
        "blendingInv": [
            9.055175495946305,
            6.826210633145837,
            6.649630002737886,
            6.505880996964198,
            6.38549721424798,
            6.282834061968676,
            4.715319665574357,
            4.656422127230445,
            4.604642299160145,
            2.5787290356813815,
            2.555681365249582,
            2.5350899210838973,
            2.5166212330752447,
            2.5000000000000004,
            0.0
        ],
        "Sales": [
            2.0,
            0.0,
            0.0,
            0.0,
            0.0,
            1.5,
            0.0,
            0.0,
            2.0,
            0.0,
            0.0,
            0.0,
            0.0,
            2.5000000000000004,
            0.0
        ],
        "salesDiv": {
            "2": [
                0.0,
                0.0,
                1.5,
                0.0,
                0.0,
                0.0,
                0.0,
                0.0,
                0.0,
                0.0,
                2.5000000000000004,
                0.0
            ],
            "1": [
                2.0,
                0.0,
                0.0,
                0.0,
                0.0,
                0.0,
                0.0,
                0.0,
                2.0,
                0.0,
                0.0,
                0.0,
                0.0,
                0.0,
                0.0
            ]
        },
        "purchasingInv": [
            9.540982349342544,
            7.055175495946305,
            6.826210633145837,
            6.649630002737886,
            6.505880996964198,
            6.38549721424798,
            4.782834061968676,
            4.715319665574357,
            4.656422127230445,
            2.604642299160145,
            2.5787290356813815,
            2.555681365249582,
            2.5350899210838973,
            2.5166212330752447,
            0.0
        ],
        "ub": 3272.245126051729,
        "Purchasing": [
            12.0,
            12.0,
            12.0,
            12.0,
            12.0,
            5.919267795702669,
            0.0,
            0.0,
            0.0
        ]
    },
    "ub_base": {
        "blendingInv": [
            8.701889396844685,
            6.332210809429339,
            6.096294657627282,
            2.040316806605848,
            2.0
        ],
        "Sales": [
            2.0,
            0.0,
            4.0,
            0.0,
            2.0
        ],
        "salesDiv": {
            "2": [
                2.0,
                0.0,
                2.0
            ],
            "1": [
                2.0,
                0.0,
                2.0,
                0.0,
                0.0
            ]
        },
        "purchasingInv": [
            9.727922900088096,
            6.701889396844684,
            6.332210809429339,
            2.096294657627282,
            2.040316806605848
        ],
        "ub": 3132.365070650918,
        "Purchasing": [
            12.0,
            12.0,
            12.0,
            12.0,
            12.0,
            6.701859082995583,
            0.0,
            0.0,
            0.0
        ]
    }
}
