{
    "scaling_approx": {
        "blendingInv": [
            8.930685781272576,
            7.630233474644035,
            7.2690900084261125,
            7.1119497673660135,
            6.794481475235703,
            6.2032639805128476,
            5.381279685517567,
            4.451543093151827,
            3.556617919325054,
            2.813105168238181,
            2.280685740275978,
            1.9455307194400537,
            1.718008720270166,
            1.4446810011632427,
            0.9346071717067617
        ],
        "Sales": [
            1.0445188972235808,
            0.16811310277641933,
            0.0,
            0.18937405700026488,
            0.48985453839155824,
            0.7449346195619881,
            0.8734305009387526,
            0.8549305222535133,
            0.7152442768077343,
            0.5118517257380049,
            0.319352312281568,
            0.21491407604112922,
            0.2637227672510387,
            0.5044309610421998,
            0.9346071717067617
        ],
        "salesDiv": {
            "2": [
                0.612900588110636,
                0.6697827406620391,
                0.0,
                0.5118517257380049,
                0.2877899694481905,
                0.21491407604112922,
                0.2637227672510387,
                0.5044309610421998,
                0.9346071717067617
            ],
            "1": [
                1.0445188972235808,
                0.16811310277641933,
                0.0,
                0.18937405700026488,
                0.48985453839155824,
                0.7449346195619881,
                0.26052991282811666,
                0.18514778159147421,
                0.7152442768077343,
                0.0,
                0.03156234283337748,
                0.0,
                0.0,
                0.0,
                0.0
            ]
        },
        "purchasingInv": [
            9.409813807009108,
            7.886166884048995,
            7.462120371867616,
            7.2690900084261125,
            6.9225757103657495,
            6.304626936844144,
            5.45832936095086,
            4.507849184578815,
            3.596612570898313,
            2.8413736425173197,
            2.301253442500176,
            1.96133342799441,
            1.7306166433989245,
            1.4542859530191274,
            0.9402500401210404
        ],
        "serviceLevel": [
            0.9573198822536285,
            1.0
        ],
        "Outdating": 0.0,
        "Purchasing": [
            11.985368156073003,
            11.870203872392445,
            11.36957916086817,
            10.532475188163975,
            9.562582552592454,
            8.271172037704602,
            6.936864422718521,
            5.8107647441328885,
            4.84173832210086
        ]
    },
    "ub_large": {
        "blendingInv": [
            9.055175495946305,
            6.826210633145837,
            6.649630002737886,
            6.505880996964198,
            6.38549721424798,
            6.282834061968676,
            4.715319665574357,
            4.656422127230445,
            4.604642299160145,
            2.5787290356813815,
            2.555681365249582,
            2.5350899210838973,
            2.5166212330752447,
            2.5000000000000004,
            0.0
        ],
        "Sales": [
            2.0,
            0.0,
            0.0,
            0.0,
            0.0,
            1.5,
            0.0,
            0.0,
            2.0,
            0.0,
            0.0,
            0.0,
            0.0,
            2.5000000000000004,
            0.0
        ],
        "salesDiv": {
            "2": [
                0.0,
                0.0,
                1.5,
                0.0,
                0.0,
                0.0,
                0.0,
                0.0,
                0.0,
                0.0,
                2.5000000000000004,
                0.0
            ],
            "1": [
                2.0,
                0.0,
                0.0,
                0.0,
                0.0,
                0.0,
                0.0,
                0.0,
                2.0,
                0.0,
                0.0,
                0.0,
                0.0,
                0.0,
                0.0
            ]
        },
        "purchasingInv": [
            9.540982349342544,
            7.055175495946305,
            6.826210633145837,
            6.649630002737886,
            6.505880996964198,
            6.38549721424798,
            4.782834061968676,
            4.715319665574357,
            4.656422127230445,
            2.604642299160145,
            2.5787290356813815,
            2.555681365249582,
            2.5350899210838973,
            2.5166212330752447,
            0.0
        ],
        "ub": 3272.2451260517273,
        "Purchasing": [
            12.0,
            12.0,
            12.0,
            12.0,
            12.0,
            5.919267795702669,
            0.0,
            0.0,
            0.0
        ]
    },
    "ub_base": {
        "blendingInv": [
            8.701889396844685,
            6.332210809429339,
            6.096294657627282,
            2.040316806605848,
            2.0
        ],
        "Sales": [
            2.0,
            0.0,
            4.0,
            0.0,
            2.0
        ],
        "salesDiv": {
            "2": [
                2.0,
                0.0,
                2.0
            ],
            "1": [
                2.0,
                0.0,
                2.0,
                0.0,
                0.0
            ]
        },
        "purchasingInv": [
            9.727922900088096,
            6.701889396844684,
            6.332210809429339,
            2.096294657627282,
            2.040316806605848
        ],
        "ub": 3132.3650706509156,
        "Purchasing": [
            12.0,
            12.0,
            12.0,
            12.0,
            12.0,
            6.701859082995583,
            0.0,
            0.0,
            0.0
        ]
    }
}
