{
    "scaling_approx": {
        "blendingInv": [
            7.989349071775358,
            6.977359845944022,
            6.697501844685738,
            6.552717964839098,
            6.25627228830437,
            5.727842552069024,
            5.012327386035202,
            4.21500846780314,
            3.451166645180825,
            2.8093846449363777,
            2.3281934690191166,
            1.9859128186596393,
            1.703633018692143,
            1.3613366374525442,
            0.8271841116367689
        ],
        "Sales": [
            0.7779545137937678,
            0.10200613620623222,
            0.0,
            0.17849813094842482,
            0.43483529042394586,
            0.6437481847897928,
            0.7440046747916789,
            0.7250329849495145,
            0.6135509129490764,
            0.46019503903374925,
            0.3261499353961739,
            0.26977737557007675,
            0.33324554382161153,
            0.5291582445416196,
            0.8271841116367689
        ],
        "salesDiv": {
            "2": [
                0.5840623611878442,
                0.6737477244462432,
                0.0,
                0.46019503903374925,
                0.3261499353961739,
                0.2662570399359895,
                0.33324554382161153,
                0.5291582445416196,
                0.8271841116367689
            ],
            "1": [
                0.7779545137937678,
                0.10200613620623222,
                0.0,
                0.17849813094842482,
                0.43483529042394586,
                0.6437481847897928,
                0.1599423136038347,
                0.05128526050327127,
                0.6135509129490764,
                0.0,
                0.0,
                0.0035203356340872843,
                0.0,
                0.0,
                0.0
            ]
        },
        "purchasingInv": [
            8.417974727344472,
            7.21139455798159,
            6.875353709737791,
            6.697501844685738,
            6.374219833890673,
            5.821436997880424,
            5.084094367279231,
            4.268322711243523,
            3.489975482853626,
            2.8376157322317486,
            2.3491896059026285,
            2.0020435336229427,
            1.7161354430895626,
            1.3703874748705314,
            0.8321783929109263
        ],
        "serviceLevel": [
            0.7413352697131083,
            1.0
        ],
        "Outdating": 0.0,
        "Purchasing": [
            11.963926324406104,
            11.840969820118747,
            11.34543698575661,
            10.47807505157325,
            8.860703429096631,
            6.936500449886215,
            5.286332834886702,
            3.6809267866452267,
            2.2519277882817073
        ]
    },
    "ub_large": {
        "blendingInv": [
            8.864586120709022,
            6.726927218111703,
            6.552914854192725,
            6.411256597293922,
            6.29262372935387,
            6.191453755194058,
            4.625229281505457,
            4.5674570331156605,
            4.5166665048020525,
            2.578729035681383,
            2.5556813652495833,
            2.5350899210838986,
            2.516621233075246,
            2.500000000000001,
            0.0
        ],
        "Sales": [
            1.9120242056419066,
            0.0,
            0.0,
            0.0,
            0.0,
            1.5,
            0.0,
            0.0,
            1.9120242056419066,
            0.0,
            0.0,
            0.0,
            0.0,
            2.5000000000000004,
            0.0
        ],
        "salesDiv": {
            "2": [
                0.0,
                0.0,
                1.5,
                0.0,
                0.0,
                0.0,
                0.0,
                0.0,
                0.0,
                0.0,
                2.5000000000000004,
                0.0
            ],
            "1": [
                1.9120242056419066,
                0.0,
                0.0,
                0.0,
                0.0,
                0.0,
                0.0,
                0.0,
                1.9120242056419066,
                0.0,
                0.0,
                0.0,
                0.0,
                0.0,
                0.0
            ]
        },
        "purchasingInv": [
            9.340167923832496,
            6.952561915067116,
            6.726927218111703,
            6.552914854192725,
            6.411256597293922,
            6.29262372935387,
            4.691453755194058,
            4.625229281505457,
            4.5674570331156605,
            2.604642299160146,
            2.578729035681383,
            2.5556813652495833,
            2.5350899210838986,
            2.516621233075246,
            0.0
        ],
        "ub": 3329.812630042801,
        "Purchasing": [
            12.0,
            12.0,
            12.0,
            12.0,
            12.0,
            12.0,
            0.0,
            0.0,
            0.0
        ]
    },
    "ub_base": {
        "blendingInv": [
            6.44437536641023,
            5.2152511935094195,
            5.020949072294238,
            2.040316806605848,
            2.0
        ],
        "Sales": [
            0.9246544146669553,
            0.0,
            2.9246544146669557,
            0.0,
            2.0
        ],
        "salesDiv": {
            "2": [
                2.0,
                0.0,
                2.0
            ],
            "1": [
                0.9246544146669553,
                0.0,
                0.9246544146669553,
                0.0,
                0.0
            ]
        },
        "purchasingInv": [
            7.204227018375722,
            5.519720951743275,
            5.2152511935094195,
            2.096294657627282,
            2.040316806605848
        ],
        "ub": 3193.336316230177,
        "Purchasing": [
            12.0,
            12.0,
            12.0,
            12.0,
            12.0,
            0.0,
            0.0,
            0.0,
            0.0
        ]
    }
}
