{
    "scaling_approx": {
        "blendingInv": [
            8.72244365716827,
            7.5088920025680945,
            7.2054998068462845,
            7.049734232985756,
            6.700231330240178,
            6.0839568412547065,
            5.277918627951942,
            4.4178186717555095,
            3.6313013214489342,
            2.9948487911572017,
            2.513912137110884,
            2.1261139930860145,
            1.7274838778018362,
            1.2217506320063998,
            0.5927477182381655
        ],
        "Sales": [
            0.9616882827312629,
            0.11205046726873702,
            0.0,
            0.22318553613421077,
            0.516861042522629,
            0.7304684713431602,
            0.8042204337848906,
            0.7456828737327106,
            0.6063577414517693,
            0.4582656672721219,
            0.3705286352731667,
            0.38595265696832604,
            0.4976104449896743,
            0.6254240867721604,
            0.5927477182381655
        ],
        "salesDiv": {
            "2": [
                0.3870101033706952,
                0.7456828737327106,
                0.03589174176339416,
                0.3910353869108797,
                0.3705286352731667,
                0.35406900894915305,
                0.4976104449896743,
                0.6254240867721604,
                0.5927477182381655
            ],
            "1": [
                0.9616882827312629,
                0.11205046726873702,
                0.0,
                0.22318553613421077,
                0.516861042522629,
                0.7304684713431602,
                0.4172103304141954,
                0.0,
                0.5704659996883752,
                0.0672302803612422,
                0.0,
                0.03188364801917297,
                0.0,
                0.0,
                0.0
            ]
        },
        "purchasingInv": [
            9.190399569111872,
            7.760755374437007,
            7.396841535299358,
            7.2054998068462845,
            6.826548696851545,
            6.183370287717549,
            5.353488369911546,
            4.473698194167051,
            3.672135798022799,
            3.024943579997165,
            2.53658312388508,
            2.143383501837717,
            1.7401613361176884,
            1.2298734328121619,
            0.5963265452342966
        ],
        "serviceLevel": [
            0.9077610146207464,
            0.9999999999999999
        ],
        "Outdating": 0.0,
        "Purchasing": [
            11.94509195731184,
            11.719446634460207,
            11.169021683511607,
            10.41372112548044,
            9.568702333261674,
            8.518798273094072,
            7.381226870308283,
            6.106681983778076,
            4.853121694090226
        ]
    },
    "ub_large": {
        "blendingInv": [
            9.055175495946305,
            6.826210633145837,
            6.649630002737886,
            6.505880996964198,
            6.38549721424798,
            6.282834061968676,
            4.715319665574357,
            4.656422127230445,
            4.604642299160145,
            2.5787290356813815,
            2.555681365249582,
            2.5350899210838973,
            2.5166212330752447,
            2.5000000000000004,
            0.0
        ],
        "Sales": [
            2.0,
            0.0,
            0.0,
            0.0,
            0.0,
            1.5,
            0.0,
            0.0,
            2.0,
            0.0,
            0.0,
            0.0,
            0.0,
            2.5000000000000004,
            0.0
        ],
        "salesDiv": {
            "2": [
                0.0,
                0.0,
                1.5,
                0.0,
                0.0,
                0.0,
                0.0,
                0.0,
                0.0,
                0.0,
                2.5000000000000004,
                0.0
            ],
            "1": [
                2.0,
                0.0,
                0.0,
                0.0,
                0.0,
                0.0,
                0.0,
                0.0,
                2.0,
                0.0,
                0.0,
                0.0,
                0.0,
                0.0,
                0.0
            ]
        },
        "purchasingInv": [
            9.540982349342544,
            7.055175495946305,
            6.826210633145837,
            6.649630002737886,
            6.505880996964198,
            6.38549721424798,
            4.782834061968676,
            4.715319665574357,
            4.656422127230445,
            2.604642299160145,
            2.5787290356813815,
            2.555681365249582,
            2.5350899210838973,
            2.5166212330752447,
            0.0
        ],
        "ub": 3352.717854915555,
        "Purchasing": [
            12.0,
            12.0,
            12.0,
            12.0,
            12.0,
            12.0,
            7.589410147393665,
            0.0,
            0.0
        ]
    },
    "ub_base": {
        "blendingInv": [
            8.701889396844685,
            6.332210809429339,
            6.096294657627282,
            2.040316806605848,
            2.0
        ],
        "Sales": [
            2.0,
            0.0,
            4.0,
            0.0,
            2.0
        ],
        "salesDiv": {
            "2": [
                2.0,
                0.0,
                2.0
            ],
            "1": [
                2.0,
                0.0,
                2.0,
                0.0,
                0.0
            ]
        },
        "purchasingInv": [
            9.727922900088096,
            6.701889396844684,
            6.332210809429339,
            2.096294657627282,
            2.040316806605848
        ],
        "ub": 3209.098988499832,
        "Purchasing": [
            12.0,
            12.0,
            12.0,
            12.0,
            12.0,
            12.0,
            9.119511002082362,
            0.0,
            0.0
        ]
    }
}
