{
    "avgPurchasing": 8.97445,
    "avgSelling": [
        0.0,
        0.0,
        0.0,
        0.0,
        0.0,
        0.0,
        0.0,
        0.0,
        0.0,
        3.1875999999999998,
        0.5922000000000005,
        0.09525000000000006,
        0.06630000000000003,
        0.02544999999999975,
        0.013549999999999951,
        0.00804999999999989,
        0.006600000000000161,
        0.037049999999999805,
        0.1682999999999999,
        2.0713,
        0.3465499999999999,
        0.19809999999999994,
        0.15725,
        0.12424999999999997,
        0.2136
    ],
    "stdProfits": 1412.710975607069,
    "avgProfits": 2526.296153333337,
    "avgBlendingInventory": [
        8.62975,
        8.41325,
        8.2412,
        8.09755,
        7.97505,
        7.86855,
        7.77265,
        7.68205,
        7.6047,
        7.534,
        4.31005,
        3.6905,
        3.5708,
        3.481,
        3.43525,
        3.403,
        3.37645,
        3.35425,
        3.302,
        3.1199,
        1.0449,
        0.69585,
        0.49655,
        0.3384,
        0.2136
    ],
    "avgPurchasingInventory": [
        8.62975,
        8.41325,
        8.2412,
        8.09755,
        7.97505,
        7.86855,
        7.77265,
        7.68205,
        7.6047,
        4.3464,
        3.71785,
        3.59525,
        3.5045,
        3.45555,
        3.4217,
        3.39495,
        3.36985,
        3.3172,
        3.1337,
        1.0486,
        0.69835,
        0.49775,
        0.3393,
        0.21415,
        0.0
    ],
    "serviceLevels": {
        "2": 16557.0,
        "1": 20000.0
    }
}
