{
    "scaling_approx": {
        "blendingInv": [
            8.123444746984031,
            7.375889676348677,
            7.00546410304262,
            6.831436767490502,
            6.729621512518512,
            6.618598799297466,
            6.450388629749501,
            6.202870812461431,
            5.873289700374959,
            5.4726026872531435,
            5.020563071276645,
            4.541480083407937,
            4.060623404816648,
            3.60125249428115,
            3.1822585584168097,
            2.816411619207136,
            2.5092081044189776,
            2.258316353675286,
            2.0536187586019885,
            1.8778501551314826,
            1.7078326944286382,
            1.516307823699528,
            1.27436626838584,
            0.9544770637995016,
            0.5341167660483953
        ],
        "Sales": [
            0.571333716443774,
            0.2320126649822254,
            0.057235318650732836,
            0.0,
            0.021175699923267843,
            0.08889484302000561,
            0.17794605295960242,
            0.26916691784505975,
            0.34883675557668425,
            0.4080693792157799,
            0.44220586234830245,
            0.45020730444873713,
            0.4340475962434205,
            0.3981061850747248,
            0.3485608402639553,
            0.29278041847630365,
            0.23871762908329153,
            0.1943017995271461,
            0.16683164068427736,
            0.16236801222898123,
            0.18512668799734655,
            0.23687112135051613,
            0.3163052105387685,
            0.4184660640649738,
            0.5341167660483953
        ],
        "salesDiv": {
            "2": [
                0.27739549934232677,
                0.45020730444873713,
                0.4340475962434205,
                0.3981061850747248,
                0.0,
                0.0,
                0.23871762908329153,
                0.1943017995271461,
                0.15397012405137145,
                0.16236801222898123,
                0.18512668799734655,
                0.23687112135051613,
                0.3163052105387685,
                0.4184660640649738,
                0.5341167660483953
            ],
            "1": [
                0.571333716443774,
                0.2320126649822254,
                0.057235318650732836,
                0.0,
                0.021175699923267843,
                0.08889484302000561,
                0.17794605295960242,
                0.26916691784505975,
                0.34883675557668425,
                0.4080693792157799,
                0.16481036300597568,
                0.0,
                0.0,
                0.0,
                0.3485608402639553,
                0.29278041847630365,
                0.0,
                0.0,
                0.012861516632905912,
                0.0,
                0.0,
                0.0,
                0.0,
                0.0,
                0.0
            ]
        },
        "purchasingInv": [
            8.416317550439942,
            7.5521110305402575,
            7.143877011366452,
            6.948228784391888,
            6.831436767490502,
            6.708445812595244,
            6.5297039562774595,
            6.272442576789898,
            5.9337038946163725,
            5.524452944798274,
            5.0645333080373645,
            4.578357208928343,
            4.0912727789592,
            3.6265758085732283,
            3.203146309206425,
            2.833697718152853,
            2.523631200730832,
            2.270490475335686,
            2.06401455414814,
            1.886787117917711,
            1.7154821429025013,
            1.5227060064312916,
            1.279436702349012,
            0.9580610578470715,
            0.5360109997345277
        ],
        "serviceLevel": [
            0.748421121749068,
            1.0
        ],
        "Outdating": 0.0,
        "Purchasing": [
            11.96342880835214,
            11.838358203259169,
            11.34523424228518,
            10.467142897688076,
            8.863047136495167,
            6.9319904200220535,
            5.284036009026409,
            3.6989552861902464,
            2.2483876403633745
        ]
    },
    "ub_large": {
        "blendingInv": [
            9.015146779108838,
            6.913198461600203,
            6.779254959581976,
            6.665303205201512,
            6.565963993202554,
            6.47802525587201,
            6.399337662702967,
            6.328358421956262,
            6.263926040138181,
            6.205135390336261,
            4.451860155890937,
            4.416001921533879,
            4.382919870441272,
            4.352315227589522,
            4.323933734190221,
            2.372590279026449,
            2.3590304141408596,
            2.346381551010047,
            2.3345635612441606,
            2.3235056589133722,
            2.3131449933185,
            2.3034255042708396,
            2.294296981627204,
            2.2857142857142865,
            0.0
        ],
        "Sales": [
            1.9367813684143775,
            0.0,
            0.0,
            0.0,
            0.0,
            0.0,
            0.0,
            0.0,
            0.0,
            1.7142857142857144,
            0.0,
            0.0,
            0.0,
            0.0,
            1.9367813684143775,
            0.0,
            0.0,
            0.0,
            0.0,
            0.0,
            0.0,
            0.0,
            0.0,
            2.2857142857142856,
            0.0
        ],
        "salesDiv": {
            "2": [
                0.0,
                0.0,
                0.0,
                0.0,
                0.0,
                1.7142857142857144,
                0.0,
                0.0,
                0.0,
                0.0,
                0.0,
                0.0,
                0.0,
                0.0,
                0.0,
                0.0,
                0.0,
                0.0,
                0.0,
                2.2857142857142856,
                0.0
            ],
            "1": [
                1.9367813684143775,
                0.0,
                0.0,
                0.0,
                0.0,
                0.0,
                0.0,
                0.0,
                0.0,
                0.0,
                0.0,
                0.0,
                0.0,
                0.0,
                1.9367813684143775,
                0.0,
                0.0,
                0.0,
                0.0,
                0.0,
                0.0,
                0.0,
                0.0,
                0.0,
                0.0
            ]
        },
        "purchasingInv": [
            9.340167923832496,
            7.07836541069446,
            6.913198461600203,
            6.779254959581976,
            6.665303205201512,
            6.565963993202554,
            6.47802525587201,
            6.399337662702967,
            6.328358421956262,
            6.263926040138181,
            4.490849676050548,
            4.451860155890937,
            4.416001921533879,
            4.382919870441272,
            4.352315227589522,
            2.3871523657758438,
            2.372590279026449,
            2.3590304141408596,
            2.346381551010047,
            2.3345635612441606,
            2.3235056589133722,
            2.3131449933185,
            2.3034255042708396,
            2.294296981627204,
            0.0
        ],
        "ub": 3361.022036948706,
        "Purchasing": [
            12.0,
            12.0,
            12.0,
            12.0,
            12.0,
            12.0,
            0.0,
            0.0,
            0.0
        ]
    },
    "ub_base": {
        "blendingInv": [
            8.362542156361656,
            6.16468048181047,
            5.935551581242527,
            2.0402776817791852,
            2.0
        ],