{
    "scaling_approx": {
        "blendingInv": [
            9.108120473926201,
            7.744146443403189,
            7.401097750407494,
            7.24110381949451,
            6.890530137838229,
            6.26858806704771,
            5.45522845894101,
            4.590107584997104,
            3.8000782386046317,
            3.1541735681431393,
            2.6456386387456625,
            2.2008367409461265,
            1.7149939460360926,
            1.114814929720128,
            0.44803666700731926
        ],
        "Sales": [
            1.10421975055533,
            0.14651286980858114,
            0.0,
            0.22066867111737132,
            0.5195117017952411,
            0.7352511270873876,
            0.8070621262395079,
            0.7472969504614078,
            0.6142088506998604,
            0.48467600541088274,
            0.42692544833236923,
            0.4732569962567481,
            0.5927671768029086,
            0.6640731561897724,
            0.44803666700731926
        ],
        "salesDiv": {
            "2": [
                0.8070621262395079,
                0.0,
                0.12184195593894093,
                0.48467600541088274,
                0.42692544833236923,
                0.4546174640782987,
                0.5927671768029086,
                0.6640731561897726,
                0.44803666700731926
            ],
            "1": [
                1.10421975055533,
                0.14651286980858114,
                0.0,
                0.22066867111737132,
                0.5195117017952411,
                0.7352511270873876,
                0.0,
                0.7472969504614078,
                0.4923668947609195,
                0.0,
                0.0,
                0.01863953217844938,
                0.0,
                0.0,
                0.0
            ]
        },
        "purchasingInv": [
            9.596767806026257,
            8.00390072337087,
            7.597633573594608,
            7.401097750407494,
            7.020435148377139,
            6.371018436042988,
            5.533336939960323,
            4.648166332701502,
            3.842810634535696,
            3.1858693879047717,
            2.6694975627322566,
            2.2187131904132933,
            1.7275797446893784,
            1.1222267692331842,
            0.4507417735303918
        ],
        "serviceLevel": [
            0.9961168744411719,
            0.9999999999999999
        ],
        "Outdating": 0.0,
        "Purchasing": [
            11.97922290782877,
            11.802486807642579,
            11.213864376087715,
            10.363966938716665,
            9.563116772370346,
            8.835921772863959,
            8.094281063689357,
            7.353295496957727,
            6.7581669223725465
        ]
    },
    "ub_large": {
        "blendingInv": [
            9.055175495946305,
            6.826210633145837,
            6.649630002737886,
            6.505880996964198,
            6.38549721424798,
            6.282834061968676,
            4.715319665574357,
            4.656422127230445,
            4.604642299160145,
            2.5787290356813815,
            2.555681365249582,
            2.5350899210838973,
            2.5166212330752447,
            2.5000000000000004,
            0.0
        ],
        "Sales": [
            2.0,
            0.0,
            0.0,
            0.0,
            0.0,
            1.5,
            0.0,
            0.0,
            2.0,
            0.0,
            0.0,
            0.0,
            0.0,
            2.5000000000000004,
            0.0
        ],
        "salesDiv": {
            "2": [
                0.0,
                0.0,
                1.5,
                0.0,
                0.0,
                0.0,
                0.0,
                0.0,
                0.0,
                0.0,
                2.5000000000000004,
                0.0
            ],
            "1": [
                2.0,
                0.0,
                0.0,
                0.0,
                0.0,
                0.0,
                0.0,
                0.0,
                2.0,
                0.0,
                0.0,
                0.0,
                0.0,
                0.0,
                0.0
            ]
        },
        "purchasingInv": [
            9.540982349342544,
            7.055175495946305,
            6.826210633145837,
            6.649630002737886,
            6.505880996964198,
            6.38549721424798,
            4.782834061968676,
            4.715319665574357,
            4.656422127230445,
            2.604642299160145,
            2.5787290356813815,
            2.555681365249582,
            2.5350899210838973,
            2.5166212330752447,
            0.0
        ],
        "ub": 3299.9213640203006,
        "Purchasing": [
            12.0,
            12.0,
            12.0,
            12.0,
            12.0,
            9.261176048138331,
            0.0,
            0.0,
            0.0
        ]
    },
    "ub_base": {
        "blendingInv": [
            8.701889396844685,
            6.332210809429339,
            6.096294657627282,
            2.040316806605848,
            2.0
        ],
        "Sales": [
            2.0,
            0.0,
            4.0,
            0.0,
            2.0
        ],
        "salesDiv": {
            "2": [
                2.0,
                0.0,
                2.0
            ],
            "1": [
                2.0,
                0.0,
                2.0,
                0.0,
                0.0
            ]
        },
        "purchasingInv": [
            9.727922900088096,
            6.701889396844684,
            6.332210809429339,
            2.096294657627282,
            2.040316806605848
        ],
        "ub": 3160.041308619489,
        "Purchasing": [
            12.0,
            12.0,
            12.0,
            12.0,
            12.0,
            10.143359351738852,
            0.0,
            0.0,
            0.0
        ]
    }
}
