{
    "scaling_approx": {
        "blendingInv": [
            8.869495925531423,
            7.5988283577833995,
            7.254859143587125,
            7.098026539594211,
            6.771053318047417,
            6.1712761983428,
            5.350609089763385,
            4.435690470497479,
            3.565951038001926,
            2.8486789591412114,
            2.33066853382249,
            1.9862714793384906,
            1.7217879576857922,
            1.3961962146423428,
            0.8582515114849656
        ],
        "Sales": [
            1.0157875492592932,
            0.15131675074070694,
            0.0,
            0.19932067013999744,
            0.49893685210257965,
            0.7440565776593808,
            0.8588130424024869,
            0.8296398287351203,
            0.6886461288623931,
            0.49699196778183685,
            0.328263426274392,
            0.2518478638947383,
            0.3163091419625119,
            0.5327628465525225,
            0.8582515114849656
        ],
        "salesDiv": {
            "2": [
                0.8588130424024869,
                0.07047819432544644,
                0.31475638676967016,
                0.49699196778183685,
                0.328263426274392,
                0.22337348244616723,
                0.3163091419625119,
                0.5327628465525226,
                0.8582515114849656
            ],
            "1": [
                1.0157875492592932,
                0.15131675074070694,
                0.0,
                0.19932067013999744,
                0.49893685210257965,
                0.7440565776593808,
                0.0,
                0.7591616344096739,
                0.3738897420927229,
                0.0,
                0.0,
                0.028474381448571062,
                0.0,
                0.0,
                0.0
            ]
        },
        "purchasingInv": [
            9.34534113788784,
            7.853708376272129,
            7.447511607042692,
            7.254859143587125,
            6.898705869454213,
            6.272116465944837,
            5.4272196206834185,
            4.491796047360898,
            3.6060506417623586,
            2.877304909139533,
            2.3516869913593745,
            2.002405107548098,
            1.7344236154437522,
            1.4054788157232805,
            0.8634333680898334
        ],
        "serviceLevel": [
            0.9427360394632315,
            0.9999999999999999
        ],
        "Outdating": 0.0,
        "Purchasing": [
            11.975436687821094,
            11.825720440434033,
            11.29959870640129,
            10.493692782250648,
            9.586050564971591,
            8.334449073971435,
            7.029404979519493,
            5.876278391287071,
            4.865961359870349
        ]
    },
    "ub_large": {
        "blendingInv": [
            9.055175495946305,
            6.826210633145837,
            6.649630002737886,
            6.505880996964198,
            6.38549721424798,
            6.282834061968676,
            4.715319665574357,
            4.656422127230445,
            4.604642299160145,
            2.5787290356813815,
            2.555681365249582,
            2.5350899210838973,
            2.5166212330752447,
            2.5000000000000004,
            0.0
        ],
        "Sales": [
            2.0,
            0.0,
            0.0,
            0.0,
            0.0,
            1.5,
            0.0,
            0.0,
            2.0,
            0.0,
            0.0,
            0.0,
            0.0,
            2.5000000000000004,
            0.0
        ],
        "salesDiv": {
            "2": [
                0.0,
                0.0,
                1.5,
                0.0,
                0.0,
                0.0,
                0.0,
                0.0,
                0.0,
                0.0,
                2.5000000000000004,
                0.0
            ],
            "1": [
                2.0,
                0.0,
                0.0,
                0.0,
                0.0,
                0.0,
                0.0,
                0.0,
                2.0,
                0.0,
                0.0,
                0.0,
                0.0,
                0.0,
                0.0
            ]
        },
        "purchasingInv": [
            9.540982349342544,
            7.055175495946305,
            6.826210633145837,
            6.649630002737886,
            6.505880996964198,
            6.38549721424798,
            4.782834061968676,
            4.715319665574357,
            4.656422127230445,
            2.604642299160145,
            2.5787290356813815,
            2.555681365249582,
            2.5350899210838973,
            2.5166212330752447,
            0.0
        ],
        "ub": 3299.921364020299,
        "Purchasing": [
            12.0,
            12.0,
            12.0,
            12.0,
            12.0,
            9.261176048138331,
            0.0,
            0.0,
            0.0
        ]
    },
    "ub_base": {
        "blendingInv": [
            8.701889396844685,
            6.332210809429339,
            6.096294657627282,
            2.040316806605848,
            2.0
        ],
        "Sales": [
            2.0,
            0.0,
            4.0,
            0.0,
            2.0
        ],
        "salesDiv": {
            "2": [
                2.0,
                0.0,
                2.0
            ],
            "1": [
                2.0,
                0.0,
                2.0,
                0.0,
                0.0
            ]
        },
        "purchasingInv": [
            9.727922900088096,
            6.701889396844684,
            6.332210809429339,
            2.096294657627282,
            2.040316806605848
        ],
        "ub": 3160.0413086194867,
        "Purchasing": [
            12.0,
            12.0,
            12.0,
            12.0,
            12.0,
            10.143359351738852,
            0.0,
            0.0,
            0.0
        ]
    }
}
