{
    "scaling_approx": {
        "blendingInv": [
            7.9697743143182365,
            7.263441902586802,
            6.91499901694404,
            6.7497966422379605,
            6.649198145973024,
            6.536639602394785,
            6.368117286125538,
            6.124459948836982,
            5.804738289113341,
            5.420576443308488,
            4.991258664095546,
            4.539575403537724,
            4.088377035791618,
            3.6578161940781566,
            3.263267063149274,
            2.9139144988873396,
            2.6120087547322464,
            2.35278351441294,
            2.1250362179852003,
            1.9123705356368927,
            1.6951014239584554,
            1.4528235790325583,
            1.1676443381860244,
            0.828082218059175,
            0.4336323394615094
        ],
        "Sales": [
            0.532797607886681,
            0.21181737291249592,
            0.04980609858556506,
            0.0,
            0.02382412061525807,
            0.09021861537471532,
            0.17496503382422812,
            0.26001260323070596,
            0.3328045117006866,
            0.3856041912988948,
            0.4148216011668193,
            0.42033951064126907,
            0.4048397823730267,
            0.3731296554451138,
            0.3314680284918018,
            0.286891742817156,
            0.24654186551292412,
            0.21698997257792207,
            0.20356443203620778,
            0.20967668705579,
            0.2361475390669021,
            0.28053343088112825,
            0.33645272980938223,
            0.3929120107810782,
            0.4336323394615094
        ],
        "salesDiv": {
            "2": [
                0.4148216011668193,
                0.0694901682420726,
                0.4048397823730267,
                0.3731296554451138,
                0.0,
                0.23145963338365427,
                0.2109304372047464,
                0.21698997257792207,
                0.20356443203620778,
                0.19509626757043766,
                0.2361475390669021,
                0.28053343088112825,
                0.33645272980938223,
                0.3929120107810782,
                0.4336323394615094
            ],
            "1": [
                0.532797607886681,
                0.21181737291249592,
                0.04980609858556506,
                0.0,
                0.02382412061525807,
                0.09021861537471532,
                0.17496503382422812,
                0.26001260323070596,
                0.3328045117006866,
                0.3856041912988948,
                0.0,
                0.35084934239919646,
                0.0,
                0.0,
                0.3314680284918018,
                0.05543210943350174,
                0.03561142830817772,
                0.0,
                0.0,
                0.014580419485352344,
                0.0,
                0.0,
                0.0,
                0.0,
                0.0
            ]
        },
        "purchasingInv": [
            8.257106870769967,
            7.4369767064315555,
            7.051624529674305,
            6.865192918358475,
            6.7497966422379605,
            6.625374025357766,
            6.446420987020069,
            6.19315225230131,
            5.864447345606276,
            5.471933777412654,
            5.034972252009593,
            4.5764370629287265,
            4.119235892896455,
            3.6835372534185913,
            3.2846865386330433,
            2.9317990346574723,
            2.6270227560701835,
            2.3654668892193222,
            2.135793541835018,
            1.9214717859489923,
            1.702693848581103,
            1.4589538848915533,
            1.17229014815143,
            0.8311916083766421,
            0.43517020727809463
        ],
        "serviceLevel": [
            0.7124478708868152,
            1.0000000000000002
        ],
        "Outdating": 0.0,
        "Purchasing": [
            11.943983497244465,
            11.773090971882343,
            11.232426011370393,
            10.329230181925798,
            8.861408989136578,
            7.033747659039906,
            5.351162330973024,
            3.8604992665640685,
            2.4796242758053273
        ]
    },
    "ub_large": {
        "blendingInv": [
            8.314000905978244,
            6.541850151753085,
            6.415101538376599,
            6.307270798983386,
            6.21326767688294,
            6.130052643299536,
            6.055591820834613,
            5.988425290113799,
            5.927453948250014,
            5.87182128798941,
            4.121439883854692,
            4.0882430735172814,
            4.057616396119887,
            4.02928325193668,
            4.003008253449933,
            2.3725902790264484,
            2.359030414140859,
            2.3463815510100465,
            2.33456356124416,
            2.323505658913372,
            2.3131449933184998,
            2.303425504270839,
            2.2942969816272036,
            2.285714285714286,
            0.0
        ],
        "Sales": [
            1.6158558876740907,
            0.0,
            0.0,
            0.0,
            0.0,
            0.0,
            0.0,
            0.0,
            0.0,
            1.7142857142857144,
            0.0,
            0.0,
            0.0,
            0.0,
            1.6158558876740907,
            0.0,
            0.0,
            0.0,
            0.0,
            0.0,
            0.0,
            0.0,
            0.0,
            2.2857142857142856,
            0.0
        ],
        "salesDiv": {
            "2": [
                0.0,
                0.0,
                0.0,
                0.0,
                0.0,
                1.7142857142857144,
                0.0,
                0.0,
                0.0,
                0.0,
                0.0,
                0.0,
                0.0,
                0.0,
                0.0,
                0.0,
                0.0,
                0.0,
                0.0,
                2.2857142857142856,
                0.0
            ],
            "1": [
                1.6158558876740907,
                0.0,
                0.0,
                0.0,
                0.0,
                0.0,
                0.0,
                0.0,
                0.0,
                0.0,
                0.0,
                0.0,
                0.0,
                0.0,
                1.6158558876740907,
                0.0,
                0.0,
                0.0,
                0.0,
                0.0,
                0.0,
                0.0,
                0.0,
                0.0,
                0.0
            ]
        },
        "purchasingInv": [
            8.613743789583484,
            6.698145018304153,
            6.541850151753085,
            6.415101538376599,
            6.307270798983386,
            6.21326767688294,
            6.130052643299536,
            6.055591820834613,
            5.988425290113799,
            5.927453948250014,
            4.157535573703695,
            4.121439883854692,
            4.0882430735172814,
            4.057616396119887,
            4.02928325193668,
            2.3871523657758433,
            2.3725902790264484,
            2.359030414140859,
            2.3463815510100465,
            2.33456356124416,
            2.323505658913372,
            2.3131449933184998,
            2.303425504270839,
            2.2942969816272036,
            0.0
        ],
        "ub": 3384.9604745027736,
        "Purchasing": [
            12.0,
            12.0,
            12.0,
            12.0,
            12.0,
            12.0,
            0.0,
            0.0,
            0.0
        ]
    },
    "ub_base": {
        "blendingInv": [
            7.712152088903077,
            5.842861647478736,
            5.6256941122905655,
            2.0402776817791852,
            2.0
        ],