{
    "scaling_approx": {
        "blendingInv": [
            6.915232046849511,
            6.398730094455573,
            6.131931604912736,
            5.994718199388556,
            5.905373339335026,
            5.810563247816912,
            5.678845224500407,
            5.495500800686609,
            5.258166625809098,
            4.973076392891992,
            4.6518309637493775,
            4.3086542869613,
            3.9581113183786387,
            3.6132738316429247,
            3.284325504679775,
            2.9776010007962586,
            2.6950558780551663,
            2.43416554537842,
            2.1882524077245047,
            1.9472409638468502,
            1.6988410362596442,
            1.4301595870265797,
            1.1297417468121629,
            0.790041787110011,
            0.41032481692915235
        ],
        "Sales": [
            0.3636264442410596,
            0.14564470521180684,
            0.034726146534411306,
            0.0,
            0.01593210401272227,
            0.061889755728775864,
            0.12170656319542461,
            0.18324729749002833,
            0.2379727448590634,
            0.2805045588571442,
            0.3081901124861001,
            0.3206673503337596,
            0.3194296407134374,
            0.3073906278025076,
            0.28844908378170564,
            0.2670537609737831,
            0.2477682439832103,
            0.23483580183450314,
            0.23174424011160077,
            0.24079075309690268,
            0.2626467759099036,
            0.2959228366469535,
            0.3367334085195992,
            0.3782617619943913,
            0.41032481692915235
        ],
        "salesDiv": {
            "2": [
                0.3081901124861001,
                0.2452436744370607,
                0.3194296407134374,
                0.3073906278025076,
                0.0,
                0.21892379642030624,
                0.21892379642030624,
                0.23483580183450314,
                0.23174424011160077,
                0.24079075309690268,
                0.25328473258717865,
                0.2959228366469535,
                0.3367334085195992,
                0.3782617619943913,
                0.41032481692915235
            ],
            "1": [
                0.3636264442410596,
                0.14564470521180684,
                0.034726146534411306,
                0.0,
                0.01593210401272227,
                0.061889755728775864,
                0.12170656319542461,
                0.18324729749002833,
                0.2379727448590634,
                0.2805045588571442,
                0.0,
                0.0754236758966989,
                0.0,
                0.0,
                0.28844908378170564,
                0.048129964553476845,
                0.028844447562904052,
                0.0,
                0.0,
                0.0,
                0.00936204332272497,
                0.0,
                0.0,
                0.0,
                0.0
            ]
        },
        "purchasingInv": [
            7.164545418108779,
            6.5516056026084515,
            6.253085389243766,
            6.097205458378325,
            5.994718199388556,
            5.889441235322304,
            5.748673492088135,
            5.5571386613049825,
            5.312253503196581,
            5.020193880950034,
            4.692571834034848,
            4.343640851263277,
            3.98798693662754,
            3.6386816776652013,
            3.3058832038404176,
            2.9958764208980693,
            2.7105472398224753,
            2.4472876340719565,
            2.1993297435439167,
            1.956508167612904,
            1.7064502107499475,
            1.4361942603497406,
            1.1342367503796265,
            0.7930083382925637,
            0.4117800251156201
        ],
        "serviceLevel": [
            0.4738648838119867,
            1.0
        ],
        "Outdating": 0.0,
        "Purchasing": [
            11.983029652534649,
            11.835142162059908,
            11.235531458680402,
            9.25187328843456,
            7.036492897249456,
            4.990647139395216,
            3.468163687338881,
            2.4620173458127512,
            2.236359392755107
        ]
    },
    "ub_large": {
        "blendingInv": [
            6.953532798372791,
            5.821486400092071,
            5.708694863770499,
            5.612738036828928,
            5.529086182356643,
            5.455034472969939,
            5.388772994143027,
            5.329002587291411,
            5.274745178573441,
            3.81007513508147,
            3.776996093918922,
            3.74657366231531,
            3.7185065682512115,
            3.692541328450522,
            3.668462227590425,
            2.6591790342047474,
            2.643981252805591,
            2.629804514436004,
            2.616559011877178,
            2.604165408860149,
            2.592553262855068,
            2.5816597420785574,
            2.571428571428571,
            0.0,
            0.0
        ],
        "Sales": [
            0.9929621302334881,
            0.0,
            0.0,
            0.0,
            0.0,
            0.0,
            0.0,
            0.0,
            1.4285714285714286,
            0.0,
            0.0,
            0.0,
            0.0,
            0.0,
            0.9929621302334881,
            0.0,
            0.0,
            0.0,
            0.0,
            0.0,
            0.0,
            0.0,
            2.5714285714285716,
            0.0,
            0.0
        ],
        "salesDiv": {
            "2": [
                0.0,
                0.0,
                0.0,
                0.0,
                1.4285714285714286,
                0.0,
                0.0,
                0.0,
                0.0,
                0.0,
                0.0,
                0.0,
                0.0,
                0.0,
                0.0,
                0.0,
                0.0,
                0.0,
                2.5714285714285716,
                0.0,
                0.0
            ],
            "1": [
                0.9929621302334881,
                0.0,
                0.0,
                0.0,
                0.0,
                0.0,
                0.0,
                0.0,
                0.0,
                0.0,
                0.0,
                0.0,
                0.0,
                0.0,
                0.9929621302334881,
                0.0,
                0.0,
                0.0,
                0.0,
                0.0,
                0.0,
                0.0,
                0.0,
                0.0,
                0.0
            ]
        },
        "purchasingInv": [
            7.204227018375722,
            5.960570668139303,
            5.821486400092071,
            5.708694863770499,
            5.612738036828928,
            5.529086182356643,
            5.455034472969939,
            5.388772994143027,
            5.329002587291411,
            3.846173750002012,
            3.81007513508147,
            3.776996093918922,
            3.74657366231531,
            3.7185065682512115,
            3.692541328450522,
            2.675500097356937,
            2.6591790342047474,
            2.643981252805591,
            2.629804514436004,
            2.616559011877178,
            2.604165408860149,
            2.592553262855068,
            2.5816597420785574,
            0.0,
            0.0
        ],
        "ub": 3408.476686189843,
        "Purchasing": [
            12.0,
            12.0,
            12.0,
            12.0,
            12.0,
            0.0,
            0.0,
            0.0,
            0.0
        ]
    },
    "ub_base": {
        "blendingInv": [
            4.501676451241482,
            4.254289528903932,
            4.096166056757783,
            2.0402776817791852,
            2.0
        ],