{
    "scaling_approx": {
        "blendingInv": [
            9.08838333106476,
            7.779582797107892,
            7.477798805812094,
            7.31614678257643,
            6.930833662394618,
            6.267225376432533,
            5.431058132039776,
            4.576370674288558,
            3.827519363051783,
            3.23421054947698,
            2.7591016005647324,
            2.2978088450205045,
            1.731304186231703,
            1.0107541744477528,
            0.27488889524895255
        ],
        "Sales": [
            1.047857647264283,
            0.10321137497722876,
            0.0,
            0.25464827989431704,
            0.561200183687965,
            0.7584048364177178,
            0.7968024636720443,
            0.7058103361341672,
            0.5608087141247466,
            0.4502267921448464,
            0.4426286434186011,
            0.5537991644365525,
            0.7138300194978413,
            0.7342055852532063,
            0.27488889524895255
        ],
        "salesDiv": {
            "2": [
                0.4324407532621131,
                0.4489098027167499,
                0.0,
                0.399297136165983,
                0.4426286434186011,
                0.5537991644365525,
                0.7138300194978413,
                0.7342055852532063,
                0.27488889524895255
            ],
            "1": [
                1.047857647264283,
                0.10321137497722876,
                0.0,
                0.25464827989431704,
                0.561200183687965,
                0.7584048364177178,
                0.3643617104099312,
                0.2569005334174173,
                0.5608087141247466,
                0.05092965597886341,
                0.0,
                0.0,
                0.0,
                0.0,
                0.0
            ]
        },
        "purchasingInv": [
            9.575971772669226,
            8.040525683800476,
            7.676371422130664,
            7.477798805812094,
            7.061498502682114,
            6.369633478706653,
            5.508820540014815,
            4.634255668367731,
            3.870560338154391,
            3.2667106489270363,
            2.783983757332134,
            2.3164729571461313,
            1.744009680583952,
            1.0174741667338618,
            0.2765485891945956
        ],
        "serviceLevel": [
            0.9895807340431175,
            0.9999999999999999
        ],
        "Outdating": 0.0,
        "Purchasing": [
            11.951192770561816,
            11.688921971464776,
            11.056749450146627,
            10.28396919809188,
            9.542176474094518,
            8.958480505306603,
            8.169050026639276,
            7.5634606496694845,
            6.799801349119781
        ]
    },
    "ub_large": {
        "blendingInv": [
            9.055175495946305,
            6.826210633145837,
            6.649630002737886,
            6.505880996964198,
            6.38549721424798,
            6.282834061968676,
            4.715319665574357,
            4.656422127230445,
            4.604642299160145,
            2.5787290356813815,
            2.555681365249582,
            2.5350899210838973,
            2.5166212330752447,
            2.5000000000000004,
            0.0
        ],
        "Sales": [
            2.0,
            0.0,
            0.0,
            0.0,
            0.0,
            1.5,
            0.0,
            0.0,
            2.0,
            0.0,
            0.0,
            0.0,
            0.0,
            2.5000000000000004,
            0.0
        ],
        "salesDiv": {
            "2": [
                0.0,
                0.0,
                1.5,
                0.0,
                0.0,
                0.0,
                0.0,
                0.0,
                0.0,
                0.0,
                2.5000000000000004,
                0.0
            ],
            "1": [
                2.0,
                0.0,
                0.0,
                0.0,
                0.0,
                0.0,
                0.0,
                0.0,
                2.0,
                0.0,
                0.0,
                0.0,
                0.0,
                0.0,
                0.0
            ]
        },
        "purchasingInv": [
            9.540982349342544,
            7.055175495946305,
            6.826210633145837,
            6.649630002737886,
            6.505880996964198,
            6.38549721424798,
            4.782834061968676,
            4.715319665574357,
            4.656422127230445,
            2.604642299160145,
            2.5787290356813815,
            2.555681365249582,
            2.5350899210838973,
            2.5166212330752447,
            0.0
        ],
        "ub": 3352.717854915557,
        "Purchasing": [
            12.0,
            12.0,
            12.0,
            12.0,
            12.0,
            12.0,
            7.589410147393665,
            0.0,
            0.0
        ]
    },
    "ub_base": {
        "blendingInv": [
            8.701889396844685,
            6.332210809429339,
            6.096294657627282,
            2.040316806605848,
            2.0
        ],
        "Sales": [
            2.0,
            0.0,
            4.0,
            0.0,
            2.0
        ],
        "salesDiv": {
            "2": [
                2.0,
                0.0,
                2.0
            ],
            "1": [
                2.0,
                0.0,
                2.0,
                0.0,
                0.0
            ]
        },
        "purchasingInv": [
            9.727922900088096,
            6.701889396844684,
            6.332210809429339,
            2.096294657627282,
            2.040316806605848
        ],
        "ub": 3209.0989884998344,
        "Purchasing": [
            12.0,
            12.0,
            12.0,
            12.0,
            12.0,
            12.0,
            9.119511002082362,
            0.0,
            0.0
        ]
    }
}
