{
    "scaling_approx": {
        "blendingInv": [
            8.146467135180435,
            7.082065433222269,
            6.7856229203951575,
            6.6389340748563335,
            6.338090045678558,
            5.79206157295264,
            5.042815123380792,
            4.2004686022013695,
            3.3915443839996335,
            2.7195312254777795,
            2.237397895013966,
            1.931897815954716,
            1.719603203235614,
            1.4546594735590657,
            0.9482781549271118
        ],
        "Sales": [
            0.8268549534901379,
            0.11625059650986203,
            0.0,
            0.18135399898994642,
            0.45138467131238436,
            0.6770429419986836,
            0.7892161876742634,
            0.7707858409539909,
            0.644684994837565,
            0.4619560071048632,
            0.28980810471144025,
            0.19967498818369667,
            0.25527243601449356,
            0.5006559090583949,
            0.9482781549271118
        ],
        "salesDiv": {
            "2": [
                0.5957816921313708,
                0.7707858409539909,
                0.08380802461854431,
                0.35593484940095665,
                0.28980810471144025,
                0.19967498818369667,
                0.25527243601449356,
                0.5006559090583949,
                0.9482781549271118
            ],
            "1": [
                0.8268549534901379,
                0.11625059650986203,
                0.0,
                0.18135399898994642,
                0.45138467131238436,
                0.6770429419986836,
                0.1934344955428926,
                0.0,
                0.5608769702190207,
                0.1060211577039065,
                0.0,
                0.0,
                0.0,
                0.0,
                0.0
            ]
        },
        "purchasingInv": [
            8.583522117384764,
            7.319612181690298,
            6.965814836712407,
            6.7856229203951575,
            6.457580075866387,
            5.886705374366174,
            5.115018630953958,
            4.2535989357065285,
            3.4296827612473786,
            2.7468593891620685,
            2.2575752183729163,
            1.9475897903025259,
            1.7322228277710194,
            1.4643307672211208,
            0.9540035645006514
        ],
        "serviceLevel": [
            0.7783049464417084,
            0.9999999999999999
        ],
        "Outdating": 0.0,
        "Purchasing": [
            11.977468478201823,
            11.886355040617925,
            11.474141139486354,
            10.531464413329857,
            8.91574386060685,
            6.92931904958175,
            5.190601298653827,
            3.4881181315022673,
            1.9562515460683105
        ]
    },
    "ub_large": {
        "blendingInv": [
            9.055175495946305,
            6.826210633145837,
            6.649630002737886,
            6.505880996964198,
            6.38549721424798,
            6.282834061968676,
            4.715319665574357,
            4.656422127230445,
            4.604642299160145,
            2.5787290356813815,
            2.555681365249582,
            2.5350899210838973,
            2.5166212330752447,
            2.5000000000000004,
            0.0
        ],
        "Sales": [
            2.0,
            0.0,
            0.0,
            0.0,
            0.0,
            1.5,
            0.0,
            0.0,
            2.0,
            0.0,
            0.0,
            0.0,
            0.0,
            2.5000000000000004,
            0.0
        ],
        "salesDiv": {
            "2": [
                0.0,
                0.0,
                1.5,
                0.0,
                0.0,
                0.0,
                0.0,
                0.0,
                0.0,
                0.0,
                2.5000000000000004,
                0.0
            ],
            "1": [
                2.0,
                0.0,
                0.0,
                0.0,
                0.0,
                0.0,
                0.0,
                0.0,
                2.0,
                0.0,
                0.0,
                0.0,
                0.0,
                0.0,
                0.0
            ]
        },
        "purchasingInv": [
            9.540982349342544,
            7.055175495946305,
            6.826210633145837,
            6.649630002737886,
            6.505880996964198,
            6.38549721424798,
            4.782834061968676,
            4.715319665574357,
            4.656422127230445,
            2.604642299160145,
            2.5787290356813815,
            2.555681365249582,
            2.5350899210838973,
            2.5166212330752447,
            0.0
        ],
        "ub": 3299.9213640203006,
        "Purchasing": [
            12.0,
            12.0,
            12.0,
            12.0,
            12.0,
            9.261176048138331,
            0.0,
            0.0,
            0.0
        ]
    },
    "ub_base": {
        "blendingInv": [
            6.779152171364968,
            5.380890107128565,
            5.180416856071731,
            2.040316806605848,
            2.0
        ],
        "Sales": [
            1.0841221984444491,
            0.0,
            3.0841221984444487,
            0.0,
            2.0
        ],
        "salesDiv": {
            "2": [
                2.0,
                0.0,
                2.0
            ],
            "1": [
                1.0841221984444491,
                0.0,
                1.0841221984444491,
                0.0,
                0.0
            ]
        },
        "purchasingInv": [
            7.5784771149718,
            5.695029972920519,
            5.380890107128565,
            2.096294657627282,
            2.040316806605848
        ],
        "ub": 3160.207708599869,
        "Purchasing": [
            12.0,
            12.0,
            12.0,
            12.0,
            12.0,
            0.0,
            0.0,
            0.0,
            0.0
        ]
    }
}
