{
    "scaling_approx": {
        "blendingInv": [
            8.282836513753963,
            7.493670333521902,
            7.1013078147359705,
            6.918531669282111,
            6.81541835799569,
            6.705655349342238,
            6.5373454393560095,
            6.285529801545024,
            5.945750806008191,
            5.528407993221354,
            5.053795063326868,
            4.547759153732546,
            4.03794875953614,
            3.5506299332850566,
            3.10805807577491,
            2.726397354013007,
            2.4141828241314114,
            2.1713223563870616,
            1.9886368260322238,
            1.8479379672653997,
            1.7226439246408838,
            1.5789329662339522,
            1.377436105383173,
            1.0754695543497508,
            0.629808033026789
        ],
        "Sales": [
            0.6101308649028578,
            0.2520559447912891,
            0.06449513149544561,
            0.0,
            0.018734208810407438,
            0.08792534435599819,
            0.18131676539305186,
            0.27861944740790445,
            0.36496382702001817,
            0.4303516463850787,
            0.4691077975980855,
            0.47933216709643034,
            0.46235148006299376,
            0.42217114482929635,
            0.364927097278392,
            0.2983376452479334,
            0.23115531293396074,
            0.17261868529297608,
            0.13190425244555815,
            0.11757825407957156,
            0.13704852385289512,
            0.19601633379659056,
            0.29792823871841634,
            0.4434279206053091,
            0.629808033026789
        ],
        "salesDiv": {
            "2": [
                0.4691077975980855,
                0.47933216709643034,
                0.0,
                0.42217114482929635,
                0.23816942285258835,
                0.10929568665446654,
                0.1695409826428,
                0.17261868529297608,
                0.13190425244555815,
                0.11757825407957156,
                0.1231010803611219,
                0.19601633379659056,
                0.29792823871841634,
                0.4434279206053091,
                0.629808033026789
            ],
            "1": [
                0.6101308649028578,
                0.2520559447912891,
                0.06449513149544561,
                0.0,
                0.018734208810407438,
                0.08792534435599819,
                0.18131676539305186,
                0.27861944740790445,
                0.36496382702001817,
                0.4303516463850787,
                0.0,
                0.0,
                0.46235148006299376,
                0.0,
                0.12675767442580366,
                0.18904195859346684,
                0.06161433029116075,
                0.0,
                0.0,
                0.0,
                0.01394744349177322,
                0.0,
                0.0,
                0.0,
                0.0
            ]
        },
        "purchasingInv": [
            8.581455834239986,
            7.672705648851106,
            7.241614388730613,
            7.036812683240525,
            6.918531669282111,
            6.796684149185283,
            6.617730004986239,
            6.356028673962959,
            6.006910354137119,
            5.580786978988173,
            5.098056346836276,
            4.584687265728783,
            4.068426986636115,
            3.575597279473146,
            3.1284587884557604,
            2.7431309784965183,
            2.428059708765073,
            2.1830275111974506,
            1.9987036710940855,
            1.8567325735866655,
            1.7303597131858282,
            1.585595400787988,
            1.3829166324373616,
            1.0795078666647566,
            0.6320416337444419
        ],
        "serviceLevel": [
            0.7855765168568124,
            1.0
        ],
        "Outdating": 0.0,
        "Purchasing": [
            11.977564992694736,
            11.886375512554588,
            11.471510776048735,
            10.517503709282835,
            8.918992911668276,
            6.927653189064715,
            5.193793780415452,
            3.494428089992408,
            1.9670956349254345
        ]
    },
    "ub_large": {
        "blendingInv": [
            9.153671113486567,
            6.986746977180588,
            6.851378469674699,
            6.736214399109618,
            6.6358183316446935,
            6.546944026844389,
            6.467419287786316,
            6.395684909193801,
            6.330567040612344,
            4.855987484628273,
            4.813827841000825,
            4.775054078835649,
            4.739282223249334,
            4.706189206697884,
            4.675500097356938,
            2.6591790342047483,
            2.6439812528055917,
            2.629804514436005,
            2.616559011877179,
            2.60416540886015,
            2.592553262855069,
            2.5816597420785583,
            2.5714285714285716,
            0.0,
            0.0
        ],
        "Sales": [
            2.0,
            0.0,
            0.0,
            0.0,
            0.0,
            0.0,
            0.0,
            0.0,
            1.4285714285714286,
            0.0,
            0.0,
            0.0,
            0.0,
            0.0,
            2.0,
            0.0,
            0.0,
            0.0,
            0.0,
            0.0,
            0.0,
            0.0,
            2.5714285714285716,
            0.0,
            0.0
        ],
        "salesDiv": {
            "2": [
                0.0,
                0.0,
                0.0,
                0.0,
                1.4285714285714286,
                0.0,
                0.0,
                0.0,
                0.0,
                0.0,
                0.0,
                0.0,
                0.0,
                0.0,
                0.0,
                0.0,
                0.0,
                0.0,
                2.5714285714285716,
                0.0,
                0.0
            ],
            "1": [
                2.0,
                0.0,
                0.0,
                0.0,
                0.0,
                0.0,
                0.0,
                0.0,
                0.0,
                0.0,
                0.0,
                0.0,
                0.0,
                0.0,
                2.0,
                0.0,
                0.0,
                0.0,
                0.0,
                0.0,
                0.0,
                0.0,
                0.0,
                0.0,
                0.0
            ]
        },
        "purchasingInv": [
            9.483686446195701,
            7.153671113486567,
            6.986746977180588,
            6.851378469674699,
            6.736214399109618,
            6.6358183316446935,
            6.546944026844389,
            6.467419287786316,
            6.395684909193801,
            4.901995612040915,
            4.855987484628273,
            4.813827841000825,
            4.775054078835649,
            4.739282223249334,
            4.706189206697884,
            2.675500097356938,
            2.6591790342047483,
            2.6439812528055917,
            2.629804514436005,
            2.616559011877179,
            2.60416540886015,
            2.592553262855069,
            2.5816597420785583,
            0.0,
            0.0
        ],
        "ub": 3330.7448112013153,
        "Purchasing": [
            12.0,
            12.0,
            12.0,
            12.0,
            12.0,
            8.990793357388398,
            0.0,
            0.0,
            0.0
        ]
    },
    "ub_base": {
        "blendingInv": [
            8.69967154658909,
            6.331495125530211,
            6.096166056757783,
            2.0402776817791852,
            2.0
        ],