{
    "scaling_approx": {
        "blendingInv": [
            8.305581497723995,
            7.164554886147361,
            6.831227882675999,
            6.683553167549917,
            6.397837241553949,
            5.860550589282395,
            5.097808002846273,
            4.216005562395467,
            3.351679356027837,
            2.629795133792728,
            2.1301011158686944,
            1.8613682038528572,
            1.7434393918256479,
            1.5970625981255644,
            1.1415097339241242
        ],
        "Sales": [
            0.9007130006007649,
            0.1519240493992351,
            0.0,
            0.16509950060274825,
            0.44152372241318716,
            0.6897516855733343,
            0.8284755850917911,
            0.826636116774015,
            0.6954578031526033,
            0.4804843194176023,
            0.2536138193467181,
            0.1051342612356796,
            0.13575873382840342,
            0.4486607822474724,
            1.1415097339241242
        ],
        "salesDiv": {
            "2": [
                0.6963431543598699,
                0.826636116774015,
                0.0,
                0.4159290412269673,
                0.2536138193467181,
                0.08154861829242951,
                0.13575873382840342,
                0.4486607822474724,
                1.1415097339241242
            ],
            "1": [
                0.9007130006007649,
                0.1519240493992351,
                0.0,
                0.16509950060274825,
                0.44152372241318716,
                0.6897516855733343,
                0.13213243073192116,
                0.0,
                0.6954578031526033,
                0.06455527819063497,
                0.0,
                0.02358564294325008,
                0.0,
                0.0,
                0.0
            ]
        },
        "purchasingInv": [
            8.751172907282166,
            7.40486849712323,
            7.0126308367481265,
            6.831227882675999,
            6.5184536669471695,
            5.956313519140763,
            5.170798903709061,
            4.269332417754482,
            3.389369445621452,
            2.6562215528752335,
            2.149310814375126,
            1.8764872965219763,
            1.7562339426171776,
            1.6076806579972445,
            1.148401815878074
        ],
        "serviceLevel": [
            0.8161857784019197,
            1.0
        ],
        "Outdating": 0.0,
        "Purchasing": [
            11.988631969685255,
            11.92896303719861,
            11.60122422958379,
            10.572221324191965,
            8.929212053637867,
            6.961248642966113,
            5.273355077262014,
            3.3785694216464814,
            1.7803871786734373
        ]
    },
    "ub_large": {
        "blendingInv": [
            9.055175495946305,
            6.826210633145837,
            6.649630002737886,
            6.505880996964198,
            6.38549721424798,
            6.282834061968676,
            4.715319665574357,
            4.656422127230445,
            4.604642299160145,
            2.5787290356813815,
            2.555681365249582,
            2.5350899210838973,
            2.5166212330752447,
            2.5000000000000004,
            0.0
        ],
        "Sales": [
            2.0,
            0.0,
            0.0,
            0.0,
            0.0,
            1.5,
            0.0,
            0.0,
            2.0,
            0.0,
            0.0,
            0.0,
            0.0,
            2.5000000000000004,
            0.0
        ],
        "salesDiv": {
            "2": [
                0.0,
                0.0,
                1.5,
                0.0,
                0.0,
                0.0,
                0.0,
                0.0,
                0.0,
                0.0,
                2.5000000000000004,
                0.0
            ],
            "1": [
                2.0,
                0.0,
                0.0,
                0.0,
                0.0,
                0.0,
                0.0,
                0.0,
                2.0,
                0.0,
                0.0,
                0.0,
                0.0,
                0.0,
                0.0
            ]
        },
        "purchasingInv": [
            9.540982349342544,
            7.055175495946305,
            6.826210633145837,
            6.649630002737886,
            6.505880996964198,
            6.38549721424798,
            4.782834061968676,
            4.715319665574357,
            4.656422127230445,
            2.604642299160145,
            2.5787290356813815,
            2.555681365249582,
            2.5350899210838973,
            2.5166212330752447,
            0.0
        ],
        "ub": 3272.245126051729,
        "Purchasing": [
            12.0,
            12.0,
            12.0,
            12.0,
            12.0,
            5.919267795702669,
            0.0,
            0.0,
            0.0
        ]
    },
    "ub_base": {
        "blendingInv": [
            7.269842500765574,
            5.623671004378378,
            5.414152581463884,
            2.040316806605848,
            2.0
        ],
        "Sales": [
            1.317857923836601,
            0.0,
            3.317857923836601,
            0.0,
            2.0
        ],
        "salesDiv": {
            "2": [
                2.0,
                0.0,
                2.0
            ],
            "1": [
                1.317857923836601,
                0.0,
                1.317857923836601,
                0.0,
                0.0
            ]
        },
        "purchasingInv": [
            8.127024387241057,
            5.9519845769289725,
            5.623671004378378,
            2.096294657627282,
            2.040316806605848
        ],
        "ub": 3132.4890046821793,
        "Purchasing": [
            12.0,
            12.0,
            12.0,
            12.0,
            12.0,
            0.0,
            0.0,
            0.0,
            0.0
        ]
    }
}
