{
    "scaling_approx": {
        "blendingInv": [
            6.902810608199332,
            6.368136868207564,
            6.085736849778486,
            5.940616503118033,
            5.852077970955352,
            5.765073472496755,
            5.644883723822,
            5.472930865020815,
            5.243205369645066,
            4.959124071636073,
            4.63073873486654,
            4.272254057026769,
            3.899831992871322,
            3.5296685481588748,
            3.1763344209207465,
            2.8513740195545583,
            2.562159387035202,
            2.310996875433723,
            2.094485301103025,
            1.9031249171954063,
            1.721176957638828,
            1.5267737933847265,
            1.2922799360572048,
            0.9849042522549126,
            0.5675638319756935
        ],
        "Sales": [
            0.3825291510899995,
            0.16215894313679247,
            0.04355802431875366,
            0.0,
            0.008744031454454348,
            0.05077907879629695,
            0.11056814391041536,
            0.17579251338285662,
            0.23709600143127707,
            0.2878291928353952,
            0.3237936858674333,
            0.34298633522258815,
            0.34534349494946026,
            0.3324852613805165,
            0.30745971606254496,
            0.27448716868706224,
            0.23870440002089932,
            0.20590890483642976,
            0.18230313484222194,
            0.1742387416133866,
            0.18796081952207366,
            0.22935214866788378,
            0.3036774378083482,
            0.4153275672892111,
            0.5675638319756935
        ],
        "salesDiv": {
            "2": [
                0.3237936858674333,
                0.34298633522258815,
                0.34534349494946026,
                0.3324852613805165,
                0.0410383345585551,
                0.1528679613344679,
                0.21450549762159174,
                0.20590890483642976,
                0.17991839899100712,
                0.16577556181400377,
                0.17945557768281095,
                0.22935214866788378,
                0.3036774378083482,
                0.4153275672892111,
                0.5675638319756935
            ],
            "1": [
                0.3825291510899995,
                0.16215894313679247,
                0.04355802431875366,
                0.0,
                0.008744031454454348,
                0.05077907879629695,
                0.11056814391041536,
                0.17579251338285662,
                0.23709600143127707,
                0.2878291928353952,
                0.0,
                0.0,
                0.0,
                0.0,
                0.26642138150398986,
                0.12161920735259435,
                0.02419890239930759,
                0.0,
                0.0023847358512148224,
                0.008463179799382825,
                0.00850524183926272,
                0.0,
                0.0,
                0.0,
                0.0
            ]
        },
        "purchasingInv": [
            7.151676152006855,
            6.520281457109332,
            6.205977925070772,
            6.042178825459732,
            5.940616503118033,
            5.843333939500898,
            5.714294393700458,
            5.534315579911585,
            5.297138351637958,
            5.006109368213788,
            4.671294878800678,
            4.306945048999107,
            3.929267721804181,
            3.554488497921862,
            3.1971832867783587,
            2.8688747048582015,
            2.576886850867496,
            2.3234549870143026,
            2.1050879705972934,
            1.912182166260803,
            1.7288861755820197,
            1.5332161381167546,
            1.2974216447168427,
            0.9886024982488566,
            0.5695766849657106
        ],
        "serviceLevel": [
            0.47266193227549835,
            1.0000000000000002
        ],
        "Outdating": 0.0,
        "Purchasing": [
            11.992558775982223,
            11.896769291974524,
            11.446553513259884,
            9.434574640464668,
            6.925013255900112,
            4.914721100201138,
            3.3228697122786306,
            2.3917148851869245,
            2.1702081210886335
        ]
    },
    "ub_large": {
        "blendingInv": [
            7.314759660718635,
            6.012803200124812,
            5.89630489300335,
            5.797194549621121,
            5.710793568205212,
            5.634308230170574,
            5.565869140124919,
            5.504134444054088,
            5.448093924786579,
            3.9817969008087415,
            3.947226972680555,
            3.9154333886750945,
            3.88610129831023,
            3.8589657937068726,
            3.8338014371575238,
            2.6591790342047474,
            2.643981252805591,
            2.629804514436004,
            2.616559011877178,
            2.604165408860149,
            2.592553262855068,
            2.5816597420785574,
            2.571428571428571,
            0.0,
            0.0
        ],
        "Sales": [
            1.1583013398005868,
            0.0,
            0.0,
            0.0,
            0.0,
            0.0,
            0.0,
            0.0,
            1.4285714285714286,
            0.0,
            0.0,
            0.0,
            0.0,
            0.0,
            1.1583013398005868,
            0.0,
            0.0,
            0.0,
            0.0,
            0.0,
            0.0,
            0.0,
            2.5714285714285716,
            0.0,
            0.0
        ],
        "salesDiv": {
            "2": [
                0.0,
                0.0,
                0.0,
                0.0,
                1.4285714285714286,
                0.0,
                0.0,
                0.0,
                0.0,
                0.0,
                0.0,
                0.0,
                0.0,
                0.0,
                0.0,
                0.0,
                0.0,
                0.0,
                2.5714285714285716,
                0.0,
                0.0
            ],
            "1": [
                1.1583013398005868,
                0.0,
                0.0,
                0.0,
                0.0,
                0.0,
                0.0,
                0.0,
                0.0,
                0.0,
                0.0,
                0.0,
                0.0,
                0.0,
                1.1583013398005868,
                0.0,
                0.0,
                0.0,
                0.0,
                0.0,
                0.0,
                0.0,
                0.0,
                0.0,
                0.0
            ]
        },
        "purchasingInv": [
            7.5784771149718,
            6.156458320918048,
            6.012803200124812,
            5.89630489300335,
            5.797194549621121,
            5.710793568205212,
            5.634308230170574,
            5.565869140124919,
            5.504134444054088,
            4.01952249621515,
            3.9817969008087415,
            3.947226972680555,
            3.9154333886750945,
            3.88610129831023,
            3.8589657937068726,
            2.675500097356937,
            2.6591790342047474,
            2.643981252805591,
            2.629804514436004,
            2.616559011877178,
            2.604165408860149,
            2.592553262855068,
            2.5816597420785574,
            0.0,
            0.0
        ],
        "ub": 3368.0491646632895,
        "Purchasing": [
            12.0,
            12.0,
            12.0,
            12.0,
            12.0,
            0.0,
            0.0,
            0.0,
            0.0
        ]
    },