{
    "scaling_approx": {
        "blendingInv": [
            9.242427971344831,
            8.249470495355908,
            7.779440671361835,
            7.574161903903024,
            7.461277125533289,
            7.332936442308227,
            7.130429537414145,
            6.831527647689375,
            6.439716891346463,
            5.975016407355522,
            5.466238304408804,
            4.944613322046581,
            4.4387384441423405,
            3.9708202672096298,
            3.5541982754539863,
            3.192138626626971,
            2.8778932278947713,
            2.596021643530136,
            2.3249752215398996,
            2.0409440550548252,
            1.7229681979588016,
            1.3593150595297276,
            0.9551251963556852,
            0.5413288620632658,
            0.1848357097632487
        ],
        "Sales": [
            0.7958649317882414,
            0.31632480279665787,
            0.07578892876131871,
            0.0,
            0.028796586653782263,
            0.11482965325745154,
            0.22227907330988916,
            0.3255701438444891,
            0.4080900999995407,
            0.46090462958862943,
            0.48147438767104234,
            0.4723715111221658,
            0.43999613320387354,
            0.3932928981349484,
            0.34246747566169683,
            0.2977030756271297,
            0.2678769625438555,
            0.2592769701619666,
            0.2743180160406915,
            0.3102586161183878,
            0.35791739928364796,
            0.40038962194448047,
            0.41176368259968044,
            0.3558376364089426,
            0.1848357097632487
        ],
        "salesDiv": {
            "2": [
                0.48147438767104234,
                0.0,
                0.2801347073845435,
                0.0,
                0.34246747566169683,
                0.16138389841140055,
                0.22577200212090068,
                0.2592769701619666,
                0.2455862827246688,
                0.3102586161183878,
                0.34081900902904116,
                0.40038962194448047,
                0.41176368259968044,
                0.3558376364089426,
                0.1848357097632487
            ],
            "1": [
                0.7958649317882414,
                0.31632480279665787,
                0.07578892876131871,
                0.0,
                0.028796586653782263,
                0.11482965325745154,
                0.22227907330988916,
                0.3255701438444891,
                0.4080900999995407,
                0.46090462958862943,
                0.0,
                0.4723715111221658,
                0.15986142581933008,
                0.3932928981349484,
                0.0,
                0.13631917721572917,
                0.042104960422954835,
                0.0,
                0.028731733316022717,
                0.0,
                0.0170983902546068,
                0.0,
                0.0,
                0.0,
                0.0
            ]
        },
        "purchasingInv": [
            9.57564323592973,
            8.44656303955659,
            7.93314569255925,
            7.703651742600517,
            7.574161903903024,
            7.432480538879507,
            7.218106789050775,
            6.908150464104256,
            6.505957503844886,
            6.0316267913469215,
            5.514111777766892,
            4.984763916737761,
            4.472241810924414,
            3.9987423109384674,
            3.5775273690746814,
            3.211730799792289,
            2.8944355509998414,
            2.610016265350916,
            2.3367446733681696,
            2.0506572054992076,
            1.7306854389364374,
            1.3650507986751539,
            0.9589254375852473,
            0.5433615137560047,
            0.18549122565432263
        ],
        "serviceLevel": [
            0.9995572365714395,
            1.0
        ],
        "Outdating": 0.0,
        "Purchasing": [
            11.964838492883818,
            11.741720008881792,
            11.129549823078086,
            10.312154258457078,
            9.547486527650676,
            8.864374508199344,
            8.115512585183867,
            7.43587916785409,
            6.768705125199208
        ]
    },
    "ub_large": {
        "blendingInv": [
            9.153264458449774,
            6.9863498110537146,
            6.850988998657725,
            6.735831474668326,
            6.635441114282447,
            6.546571861599176,
            6.467051643176058,
            6.395321342370445,
            6.33020717545612,
            6.270794438006617,
            4.5169491522464025,
            4.480566647942928,
            4.44700091644986,
            4.415948814464786,
            4.387152365775843,
            2.372590279026448,
            2.3590304141408587,
            2.346381551010046,
            2.3345635612441598,
            2.3235056589133714,
            2.3131449933184993,
            2.3034255042708387,
            2.294296981627203,
            2.2857142857142856,
            0.0
        ],
        "Sales": [
            2.0,
            0.0,
            0.0,
            0.0,
            0.0,
            0.0,
            0.0,
            0.0,
            0.0,
            1.7142857142857144,
            0.0,
            0.0,
            0.0,
            0.0,
            2.0,
            0.0,
            0.0,
            0.0,
            0.0,
            0.0,
            0.0,
            0.0,
            0.0,
            2.2857142857142856,
            0.0
        ],
        "salesDiv": {
            "2": [
                0.0,
                0.0,
                0.0,
                0.0,
                0.0,
                1.7142857142857144,
                0.0,
                0.0,
                0.0,
                0.0,
                0.0,
                0.0,
                0.0,
                0.0,
                0.0,
                0.0,
                0.0,
                0.0,
                0.0,
                2.2857142857142856,
                0.0
            ],
            "1": [
                2.0,
                0.0,
                0.0,
                0.0,
                0.0,
                0.0,
                0.0,
                0.0,
                0.0,
                0.0,
                0.0,
                0.0,
                0.0,
                0.0,
                2.0,
                0.0,
                0.0,
                0.0,
                0.0,
                0.0,
                0.0,
                0.0,
                0.0,
                0.0,
                0.0
            ]
        },
        "purchasingInv": [
            9.483265130112471,
            7.153264458449774,
            6.9863498110537146,
            6.850988998657725,
            6.735831474668326,
            6.635441114282447,
            6.546571861599176,
            6.467051643176058,
            6.395321342370445,
            6.33020717545612,
            4.556508723720903,
            4.5169491522464025,
            4.480566647942928,
            4.44700091644986,
            4.415948814464786,
            2.387152365775843,
            2.372590279026448,
            2.3590304141408587,
            2.346381551010046,
            2.3345635612441598,
            2.3235056589133714,
            2.3131449933184993,
            2.3034255042708387,
            2.294296981627203,
            0.0
        ],
        "ub": 3360.977656797669,
        "Purchasing": [
            12.0,
            12.0,
            12.0,
            12.0,
            12.0,
            12.0,
            1.1525786134818599,
            0.0,
            0.0
        ]
    },
    "ub_base": {
        "blendingInv": [
            8.69967154658909,
            6.331495125530211,
            6.096166056757783,
            2.0402776817791852,
            2.0
        ],