{
    "scaling_approx": {
        "blendingInv": [
            8.864219882580988,
            7.974506211895681,
            7.543829999740095,
            7.349483742518251,
            7.239947551724835,
            7.1175742046699035,
            6.926484497142418,
            6.642646566997262,
            6.265385927578427,
            5.81004842216229,
            5.301688150854425,
            4.76971280599746,
            4.243447619820992,
            3.748594558758143,
            3.3045724066469297,
            2.922728961314148,
            2.6054201734883593,
            2.345953446760843,
            2.1293939246018425,
            1.9342336748653448,
            1.7349244074952583,
            1.5052748346708953,
            1.2227140772600695,
            0.8734226878390313,
            0.45833293477207104
        ],
        "Sales": [
            0.6991904463242442,
            0.281626351246143,
            0.06869757471373461,
            0.0,
            0.02575277771587814,
            0.10592020672439428,
            0.20933361505479464,
            0.31281324081665574,
            0.4002901131140275,
            0.4619279329595507,
            0.4932449541885866,
            0.49423586437333356,
            0.46849366573698603,
            0.42233155606781025,
            0.36390480963328375,
            0.3023326580943042,
            0.24682017141916823,
            0.2057801387974813,
            0.18595494955591363,
            0.19153847406903504,
            0.22329794467655617,
            0.27769583659615266,
            0.3460117488377783,
            0.41346428511744193,
            0.45833293477207104
        ],
        "salesDiv": {
            "2": [
                0.4932449541885866,
                0.0,
                0.39693440258229307,
                0.42233155606781025,
                0.0,
                0.14919063038895056,
                0.24682017141916823,
                0.2057801387974813,
                0.18595494955591363,
                0.19153847406903504,
                0.21269991760731757,
                0.27769583659615266,
                0.3460117488377783,
                0.41346428511744193,
                0.45833293477207104
            ],
            "1": [
                0.6991904463242442,
                0.281626351246143,
                0.06869757471373461,
                0.0,
                0.02575277771587814,
                0.10592020672439428,
                0.20933361505479464,
                0.31281324081665574,
                0.4002901131140275,
                0.4619279329595507,
                0.0,
                0.49423586437333356,
                0.07155926315469299,
                0.0,
                0.36390480963328375,
                0.15314202770535365,
                0.0,
                0.0,
                0.0,
                0.0,
                0.010598027069238588,
                0.0,
                0.0,
                0.0,
                0.0
            ]
        },
        "purchasingInv": [
            9.183799692417814,
            8.165029436256743,
            7.692879860649538,
            7.475132425026361,
            7.349483742518251,
            7.214194774008957,
            7.011653997945508,
            6.717150882087624,
            6.329833326180607,
            5.865095814464398,
            5.348120489202739,
            4.808443196665839,
            4.2754769416241265,
            3.774953954084006,
            3.326263002690333,
            2.940667597013646,
            2.6203963032198434,
            2.358600002069191,
            2.140173307963362,
            1.9434389750459287,
            1.7426952007963097,
            1.5116264628187022,
            1.227578998074743,
            0.8767023284222912,
            0.45995840272158406
        ],
        "serviceLevel": [
            0.9147480626513315,
            1.0000000000000002
        ],
        "Outdating": 0.0,
        "Purchasing": [
            11.940472945916195,
            11.715491913336177,
            11.16324230797549,
            10.405518892856591,
            9.553899639374313,
            8.510751787407983,
            7.372251519869484,
            6.108827944306223,
            4.856462505308114
        ]
    },
    "ub_large": {
        "blendingInv": [
            9.153264458449774,
            6.9863498110537146,
            6.850988998657725,
            6.735831474668326,
            6.635441114282447,
            6.546571861599176,
            6.467051643176058,
            6.395321342370445,
            6.33020717545612,
            6.270794438006617,
            4.5169491522464025,
            4.480566647942928,
            4.44700091644986,
            4.415948814464786,
            4.387152365775843,
            2.372590279026448,
            2.3590304141408587,
            2.346381551010046,
            2.3345635612441598,
            2.3235056589133714,
            2.3131449933184993,
            2.3034255042708387,
            2.294296981627203,
            2.2857142857142856,
            0.0
        ],
        "Sales": [
            2.0,
            0.0,
            0.0,
            0.0,
            0.0,
            0.0,
            0.0,
            0.0,
            0.0,
            1.7142857142857144,
            0.0,
            0.0,
            0.0,
            0.0,
            2.0,
            0.0,
            0.0,
            0.0,
            0.0,
            0.0,
            0.0,
            0.0,
            0.0,
            2.2857142857142856,
            0.0
        ],
        "salesDiv": {
            "2": [
                0.0,
                0.0,
                0.0,
                0.0,
                0.0,
                1.7142857142857144,
                0.0,
                0.0,
                0.0,
                0.0,
                0.0,
                0.0,
                0.0,
                0.0,
                0.0,
                0.0,
                0.0,
                0.0,
                0.0,
                2.2857142857142856,
                0.0
            ],
            "1": [
                2.0,
                0.0,
                0.0,
                0.0,
                0.0,
                0.0,
                0.0,
                0.0,
                0.0,
                0.0,
                0.0,
                0.0,
                0.0,
                0.0,
                2.0,
                0.0,
                0.0,
                0.0,
                0.0,
                0.0,
                0.0,
                0.0,
                0.0,
                0.0,
                0.0
            ]
        },
        "purchasingInv": [
            9.483265130112471,
            7.153264458449774,
            6.9863498110537146,
            6.850988998657725,
            6.735831474668326,
            6.635441114282447,
            6.546571861599176,
            6.467051643176058,
            6.395321342370445,
            6.33020717545612,
            4.556508723720903,
            4.5169491522464025,
            4.480566647942928,
            4.44700091644986,
            4.415948814464786,
            2.387152365775843,
            2.372590279026448,
            2.3590304141408587,
            2.346381551010046,
            2.3345635612441598,
            2.3235056589133714,
            2.3131449933184993,
            2.3034255042708387,
            2.294296981627203,
            0.0
        ],
        "ub": 3384.690801254593,
        "Purchasing": [
            12.0,
            12.0,
            12.0,
            12.0,
            12.0,
            12.0,
            7.116997040007491,
            0.0,
            0.0
        ]
    },
    "ub_base": {
        "blendingInv": [
            8.69967154658909,
            6.331495125530211,
            6.096166056757783,
            2.0402776817791852,
            2.0
        ],