{
    "scaling_approx": {
        "blendingInv": [
            9.074771266911547,
            8.099722963705625,
            7.616613554781178,
            7.3988936340522296,
            7.288621041697049,
            7.180302266634784,
            7.009863234248419,
            6.745640307926041,
            6.380620237274035,
            5.925645855192844,
            5.403457514523913,
            4.843501651834398,
            4.277466942819179,
            3.735524027109928,
            3.2432538010985477,
            2.819254857820502,
            2.473424259348866,
            2.2059082279321593,
            2.006720969722633,
            1.8560309575303544,
            1.725114758406296,
            1.577979003591338,
            1.3736514337025758,
            1.0691421603643645,
            0.623076401851852
        ],
        "Sales": [
            0.7815334579638996,
            0.33262150145831604,
            0.09122651388487046,
            0.0,
            0.010846676692913948,
            0.08424428920817828,
            0.18856342736831078,
            0.2993873417963604,
            0.39883176013850274,
            0.47486470328662295,
            0.5206263016009292,
            0.5337486111324772,
            0.515675429845837,
            0.4709821138416004,
            0.4066953935791564,
            0.3316131900989152,
            0.2556244312452698,
            0.18902886788901085,
            0.14185689014992064,
            0.12318934361943017,
            0.14047734558296554,
            0.19886210124305848,
            0.30049471994129817,
            0.44385603138082597,
            0.623076401851852
        ],
        "salesDiv": {
            "2": [
                0.5206263016009292,
                0.4675882330609712,
                0.0,
                0.0,
                0.4066953935791564,
                0.275489352196336,
                0.18622208148519104,
                0.18902886788901085,
                0.13889870559730774,
                0.12318934361943017,
                0.12597246655463396,
                0.19886210124305848,
                0.30049471994129817,
                0.44385603138082597,
                0.623076401851852
            ],
            "1": [
                0.7815334579638996,
                0.33262150145831604,
                0.09122651388487046,
                0.0,
                0.010846676692913948,
                0.08424428920817828,
                0.18856342736831078,
                0.2993873417963604,
                0.39883176013850274,
                0.47486470328662295,
                0.0,
                0.06616037807150599,
                0.515675429845837,
                0.4709821138416004,
                0.0,
                0.05612383790257921,
                0.06940234976007877,
                0.0,
                0.002958184552612895,
                0.0,
                0.014504879028331598,
                0.0,
                0.0,
                0.0,
                0.0
            ]
        },
        "purchasingInv": [
            9.401942040449248,
            8.293237808947648,
            7.76710146224731,
            7.525387040896309,
            7.3988936340522296,
            7.277774365004136,
            7.096057977426605,
            6.821299806880108,
            6.446252966129681,
            5.981788477135531,
            5.450781151906221,
            4.882831212922984,
            4.309753040701921,
            3.7617915129733417,
            3.264541913268328,
            2.8365584075193913,
            2.487641667721587,
            2.217799828103596,
            2.0168793600431485,
            1.864864079572712,
            1.7328416139109242,
            1.5846374128233307,
            1.3791169023482797,
            1.0731567137612776,
            0.6252861289835313
        ],
        "serviceLevel": [
            0.9644817112001303,
            1.0000000000000004
        ],
        "Outdating": 0.0,
        "Purchasing": [
            11.98527107489815,
            11.86991385675609,
            11.363165428956924,
            10.526140499311193,
            9.551741387156651,
            8.263772042089121,
            6.935156083956418,
            5.796597665874854,
            4.830388692579505
        ]
    },
    "ub_large": {
        "blendingInv": [
            9.153671113486567,
            6.986746977180588,
            6.851378469674699,
            6.736214399109618,
            6.6358183316446935,
            6.546944026844389,
            6.467419287786316,
            6.395684909193801,
            6.330567040612344,
            4.855987484628273,
            4.813827841000825,
            4.775054078835649,
            4.739282223249334,
            4.706189206697884,
            4.675500097356938,
            2.6591790342047483,
            2.6439812528055917,
            2.629804514436005,
            2.616559011877179,
            2.60416540886015,
            2.592553262855069,
            2.5816597420785583,
            2.5714285714285716,
            0.0,
            0.0
        ],
        "Sales": [
            2.0,
            0.0,
            0.0,
            0.0,
            0.0,
            0.0,
            0.0,
            0.0,
            1.4285714285714286,
            0.0,
            0.0,
            0.0,
            0.0,
            0.0,
            2.0,
            0.0,
            0.0,
            0.0,
            0.0,
            0.0,
            0.0,
            0.0,
            2.5714285714285716,
            0.0,
            0.0
        ],
        "salesDiv": {
            "2": [
                0.0,
                0.0,
                0.0,
                0.0,
                1.4285714285714286,
                0.0,
                0.0,
                0.0,
                0.0,
                0.0,
                0.0,
                0.0,
                0.0,
                0.0,
                0.0,
                0.0,
                0.0,
                0.0,
                2.5714285714285716,
                0.0,
                0.0
            ],
            "1": [
                2.0,
                0.0,
                0.0,
                0.0,
                0.0,
                0.0,
                0.0,
                0.0,
                0.0,
                0.0,
                0.0,
                0.0,
                0.0,
                0.0,
                2.0,
                0.0,
                0.0,
                0.0,
                0.0,
                0.0,
                0.0,
                0.0,
                0.0,
                0.0,
                0.0
            ]
        },
        "purchasingInv": [
            9.483686446195701,
            7.153671113486567,
            6.986746977180588,
            6.851378469674699,
            6.736214399109618,
            6.6358183316446935,
            6.546944026844389,
            6.467419287786316,
            6.395684909193801,
            4.901995612040915,
            4.855987484628273,
            4.813827841000825,
            4.775054078835649,
            4.739282223249334,
            4.706189206697884,
            2.675500097356938,
            2.6591790342047483,
            2.6439812528055917,
            2.629804514436005,
            2.616559011877179,
            2.60416540886015,
            2.592553262855069,
            2.5816597420785583,
            0.0,
            0.0
        ],
        "ub": 3303.0685732327424,
        "Purchasing": [
            12.0,
            12.0,
            12.0,
            12.0,
            12.0,
            5.6794093250740625,
            0.0,
            0.0,
            0.0
        ]
    },
    "ub_base": {
        "blendingInv": [
            8.69967154658909,
            6.331495125530211,
            6.096166056757783,
            2.0402776817791852,
            2.0
        ],