{
    "scaling_approx": {
        "blendingInv": [
            6.801394227287024,
            6.100442567847937,
            5.8824440468697405,
            5.755279756088342,
            5.530487399891756,
            5.1528969529333715,
            4.646727989628841,
            4.073279373911651,
            3.498814743334359,
            2.97209576442495,
            2.511323024442392,
            2.1003813197470453,
            1.6943537070272874,
            1.2343034870609337,
            0.6713409633710294
        ],
        "Sales": [
            0.49633052032757186,
            0.06179047967242812,
            0.0,
            0.12052780621325976,
            0.2933907626533685,
            0.4396366690639528,
            0.5219270565553877,
            0.5351199835690483,
            0.4968528318416112,
            0.43812510236929647,
            0.39388121137220367,
            0.3935932862584999,
            0.45184396158874307,
            0.5589091750402275,
            0.6713409633710294
        ],
        "salesDiv": {
            "2": [
                0.5219270565553877,
                0.5351199835690483,
                0.0581838716413432,
                0.41520049060351716,
                0.39388121137220367,
                0.3935932862584999,
                0.45184396158874307,
                0.5589091750402275,
                0.6713409633710294
            ],
            "1": [
                0.49633052032757186,
                0.06179047967242812,
                0.0,
                0.12052780621325976,
                0.2933907626533685,
                0.4396366690639528,
                0.0,
                0.0,
                0.438668960200268,
                0.022924611765779312,
                0.0,
                0.0,
                0.0,
                0.0,
                0.0
            ]
        },
        "purchasingInv": [
            7.166286539947869,
            6.305063706959452,
            6.038652088175509,
            5.8824440468697405,
            5.634751949875082,
            5.237096637238388,
            4.7132602838694195,
            4.124800933073454,
            3.538159390342603,
            3.0019619114927476,
            2.5339706620556535,
            2.1174418130701884,
            1.7067880334885455,
            1.2425097454385443,
            0.6753943120207083
        ],
        "serviceLevel": [
            0.46831745247415707,
            1.0
        ],
        "Outdating": 0.0,
        "Purchasing": [
            11.983288716654343,
            11.836258172560745,
            11.240818081984582,
            9.24830694002152,
            7.041415175402548,
            4.9919671766479645,
            3.464150827772384,
            2.4710142693108503,
            2.24651576520756
        ]
    },
    "ub_large": {
        "blendingInv": [
            4.7224069968858755,
            4.569148545589915,
            4.450953667938444,
            4.3547347558715375,
            4.274155439575678,
            4.2054374907557355,
            2.6672475856065385,
            2.6339318555844824,
            2.6046422991601443,
            2.578729035681381,
            2.5556813652495816,
            2.535089921083897,
            2.516621233075244,
            2.5,
            0.0
        ],
        "Sales": [
            0.0,
            0.0,
            0.0,
            0.0,
            0.0,
            1.5,
            0.0,
            0.0,
            0.0,
            0.0,
            0.0,
            0.0,
            0.0,
            2.5,
            0.0
        ],
        "salesDiv": {
            "2": [
                0.0,
                0.0,
                1.5,
                0.0,
                0.0,
                0.0,
                0.0,
                0.0,
                0.0,
                0.0,
                2.5,
                0.0
            ],
            "1": [
                0.0,
                0.0,
                0.0,
                0.0,
                0.0,
                0.0,
                0.0,
                0.0,
                0.0,
                0.0,
                0.0,
                0.0,
                0.0,
                0.0,
                0.0
            ]
        },
        "purchasingInv": [
            4.975762405032359,
            4.7224069968858755,
            4.569148545589915,
            4.450953667938444,
            4.3547347558715375,
            4.274155439575678,
            2.7054374907557355,
            2.6672475856065385,
            2.6339318555844824,
            2.6046422991601443,
            2.578729035681381,
            2.5556813652495816,
            2.535089921083897,
            2.516621233075244,
            0.0
        ],
        "ub": 3393.291946388983,
        "Purchasing": [
            12.0,
            12.0,
            12.0,
            12.0,
            0.8967881669895595,
            0.0,
            0.0,
            0.0,
            0.0
        ]
    },
    "ub_base": {
        "blendingInv": [
            4.5032130620452415,
            4.254814238216398,
            4.096294657627282,
            2.040316806605848,
            2.0
        ],
        "Sales": [
            0.0,
            0.0,
            2.0,
            0.0,
            2.0
        ],
        "salesDiv": {
            "2": [
                2.0,
                0.0,
                2.0
            ],
            "1": [
                0.0,
                0.0,
                0.0,
                0.0,
                0.0
            ]
        },
        "purchasingInv": [
            5.0341836666104,
            4.5032130620452415,
            4.254814238216398,
            2.096294657627282,
            2.040316806605848
        ],
        "ub": 3327.8812215197354,
        "Purchasing": [
            12.0,
            12.0,
            12.0,
            12.0,
            1.1878691377030743,
            0.0,
            0.0,
            0.0,
            0.0
        ]
    }
}
