{
    "scaling_approx": {
        "blendingInv": [
            6.785189669428953,
            6.075257792910361,
            5.831868469345426,
            5.705797500896632,
            5.505044593076817,
            5.151221636934401,
            4.645240821142721,
            4.037758504175396,
            3.40310873429622,
            2.8162268,
            2.33233142411877,
            1.9692513794026878,
            1.69234061940367,
            1.40195730274067,
            0.9234994896233923
        ],
        "Sales": [
            0.5061554855181661,
            0.08852431448183384,
            0.0,
            0.0969680231193224,
            0.2696506469391166,
            0.4394698149712304,
            0.5564100494999054,
            0.5963813499416424,
            0.5585820912050778,
            0.46286192205097565,
            0.34708466345172395,
            0.2644912069517189,
            0.28106241302684287,
            0.4728820094445092,
            0.9234994896233923
        ],
        "salesDiv": {
            "2": [
                0.5564100494999054,
                0.5963813499416424,
                0.1622940594297193,
                0.40974733336187535,
                0.34708466345172395,
                0.2506386322203871,
                0.28106241302684287,
                0.4728820094445092,
                0.9234994896233923
            ],
            "1": [
                0.5061554855181661,
                0.08852431448183384,
                0.0,
                0.0969680231193224,
                0.2696506469391166,
                0.4394698149712304,
                0.0,
                0.0,
                0.39628803177535854,
                0.05311458868910031,
                0.0,
                0.01385257473133177,
                0.0,
                0.0,
                0.0
            ]
        },
        "purchasingInv": [
            7.149212613487585,
            6.279034183910787,
            5.986733478428527,
            5.831868469345426,
            5.60882947777731,
            5.2353939461377,
            4.711751821963171,
            4.088830771642816,
            3.441377154233755,
            2.844526643091142,
            2.353364877949024,
            1.9852467606670459,
            1.704760172450969,
            1.4112782063768274,
            0.9290752932961609
        ],
        "serviceLevel": [
            0.466005870056365,
            0.9999999999999993
        ],
        "Outdating": 0.0,
        "Purchasing": [
            11.992760372565622,
            11.898113613684771,
            11.450130144683367,
            9.417155361752306,
            6.923038102783388,
            4.917483327378967,
            3.324612605571822,
            2.405752451290802,
            2.1694405624020665
        ]
    },
    "ub_large": {
        "blendingInv": [
            4.7224069968858755,
            4.569148545589915,
            4.450953667938444,
            4.3547347558715375,
            4.274155439575678,
            4.2054374907557355,
            2.6672475856065385,
            2.6339318555844824,
            2.6046422991601443,
            2.578729035681381,
            2.5556813652495816,
            2.535089921083897,
            2.516621233075244,
            2.5,
            0.0
        ],
        "Sales": [
            0.0,
            0.0,
            0.0,
            0.0,
            0.0,
            1.5,
            0.0,
            0.0,
            0.0,
            0.0,
            0.0,
            0.0,
            0.0,
            2.5,
            0.0
        ],
        "salesDiv": {
            "2": [
                0.0,
                0.0,
                1.5,
                0.0,
                0.0,
                0.0,
                0.0,
                0.0,
                0.0,
                0.0,
                2.5,
                0.0
            ],
            "1": [
                0.0,
                0.0,
                0.0,
                0.0,
                0.0,
                0.0,
                0.0,
                0.0,
                0.0,
                0.0,
                0.0,
                0.0,
                0.0,
                0.0,
                0.0
            ]
        },
        "purchasingInv": [
            4.975762405032359,
            4.7224069968858755,
            4.569148545589915,
            4.450953667938444,
            4.3547347558715375,
            4.274155439575678,
            2.7054374907557355,
            2.6672475856065385,
            2.6339318555844824,
            2.6046422991601443,
            2.578729035681381,
            2.5556813652495816,
            2.535089921083897,
            2.516621233075244,
            0.0
        ],
        "ub": 3352.7073095085307,
        "Purchasing": [
            12.0,
            12.0,
            12.0,
            12.0,
            2.106737619749638,
            0.0,
            0.0,
            0.0,
            0.0
        ]
    },
    "ub_base": {
        "blendingInv": [
            4.5032130620452415,
            4.254814238216398,
            4.096294657627282,
            2.040316806605848,
            2.0
        ],
        "Sales": [
            0.0,
            0.0,
            2.0,
            0.0,
            2.0
        ],
        "salesDiv": {
            "2": [
                2.0,
                0.0,
                2.0
            ],
            "1": [
                0.0,
                0.0,
                0.0,
                0.0,
                0.0
            ]
        },
        "purchasingInv": [
            5.0341836666104,
            4.5032130620452415,
            4.254814238216398,
            2.096294657627282,
            2.040316806605848
        ],
        "ub": 3287.2965846392826,
        "Purchasing": [
            12.0,
            12.0,
            12.0,
            12.0,
            2.3288045513151987,
            0.0,
            0.0,
            0.0,
            0.0
        ]
    }
}
