{
    "scaling_approx": {
        "blendingInv": [
            8.44362527460978,
            7.587638204363268,
            7.155003627680005,
            6.954603806346104,
            6.850952878456097,
            6.751356158853969,
            6.597497819685914,
            6.358623196834361,
            6.025622143760711,
            5.605762238326106,
            5.117957863497443,
            4.588515463350468,
            4.047320649461593,
            3.524446213076577,
            3.047167807038712,
            2.637378800719789,
            2.3093988659488036,
            2.068172888136258,
            1.9078581852196046,
            1.8107989766761017,
            1.7468877115918393,
            1.6733133265451332,
            1.5346968197121509,
            1.2636147376858091,
            0.7815113046135401
        ],
        "Sales": [
            0.674706717887638,
            0.2912670888754767,
            0.08150210875336139,
            0.0,
            0.00794753448352381,
            0.0727341272992561,
            0.16755593060748009,
            0.2710199274711993,
            0.3667480256939122,
            0.4429811516573743,
            0.4921833441593684,
            0.5106458482514604,
            0.4980912090770185,
            0.4572773657078084,
            0.39360174498408473,
            0.31470535534993005,
            0.23007688069250065,
            0.1506567741791418,
            0.08844135209544035,
            0.056086887682987197,
            0.06651370497673881,
            0.13251027264357873,
            0.26633729781931237,
            0.47933181994683005,
            0.7815113046135401
        ],
        "salesDiv": {
            "2": [
                0.4921833441593684,
                0.4032039029421139,
                0.4980912090770185,
                0.11846749348586066,
                0.0,
                0.2637665373790792,
                0.23007688069250065,
                0.1506567741791418,
                0.08627384269084294,
                0.04396453313311118,
                0.05362478723770188,
                0.13251027264357873,
                0.26633729781931237,
                0.47933181994683005,
                0.7815113046135401
            ],
            "1": [
                0.674706717887638,
                0.2912670888754767,
                0.08150210875336139,
                0.0,
                0.00794753448352381,
                0.0727341272992561,
                0.16755593060748009,
                0.2710199274711993,
                0.3667480256939122,
                0.4429811516573743,
                0.0,
                0.10744194530934653,
                0.0,
                0.33880987222194775,
                0.39360174498408473,
                0.05093881797085087,
                0.0,
                0.0,
                0.002167509404597403,
                0.012122354549876016,
                0.01288891773903693,
                0.0,
                0.0,
                0.0,
                0.0
            ]
        },
        "purchasingInv": [
            8.74804147765274,
            7.7689185567221415,
            7.296371115487791,
            7.073501518926643,
            6.954603806346104,
            6.843005343972573,
            6.6786220315547125,
            6.429941889078435,
            6.0876032693631625,
            5.658874118066798,
            5.1627810866687325,
            4.625774519338075,
            4.077869615099007,
            3.5492294403845746,
            3.067168847368769,
            2.653566062054627,
            2.322673445369859,
            2.079321985256303,
            1.9175161139571162,
            1.819416833124164,
            1.7547120889931147,
            1.6803740066151007,
            1.5408030539015545,
            1.2683595218928385,
            0.7842829177389707
        ],
        "serviceLevel": [
            0.8236084437272404,
            1.0000000000000002
        ],
        "Outdating": 0.0,
        "Purchasing": [
            11.990997922597522,
            11.930111421573699,
            11.594925172252415,
            10.56768071261582,
            8.925090478070125,
            6.960533635497033,
            5.273229946970418,
            3.383360489901203,
            1.7691363706089893
        ]
    },
    "ub_large": {
        "blendingInv": [
            9.153671113486567,
            6.986746977180588,
            6.851378469674699,
            6.736214399109618,
            6.6358183316446935,
            6.546944026844389,
            6.467419287786316,
            6.395684909193801,
            6.330567040612344,
            4.855987484628273,
            4.813827841000825,
            4.775054078835649,
            4.739282223249334,
            4.706189206697884,
            4.675500097356938,
            2.6591790342047483,
            2.6439812528055917,
            2.629804514436005,
            2.616559011877179,
            2.60416540886015,
            2.592553262855069,
            2.5816597420785583,
            2.5714285714285716,
            0.0,
            0.0
        ],
        "Sales": [
            2.0,
            0.0,
            0.0,
            0.0,
            0.0,
            0.0,
            0.0,
            0.0,
            1.4285714285714286,
            0.0,
            0.0,
            0.0,
            0.0,
            0.0,
            2.0,
            0.0,
            0.0,
            0.0,
            0.0,
            0.0,
            0.0,
            0.0,
            2.5714285714285716,
            0.0,
            0.0
        ],
        "salesDiv": {
            "2": [
                0.0,
                0.0,
                0.0,
                0.0,
                1.4285714285714286,
                0.0,
                0.0,
                0.0,
                0.0,
                0.0,
                0.0,
                0.0,
                0.0,
                0.0,
                0.0,
                0.0,
                0.0,
                0.0,
                2.5714285714285716,
                0.0,
                0.0
            ],
            "1": [
                2.0,
                0.0,
                0.0,
                0.0,
                0.0,
                0.0,
                0.0,
                0.0,
                0.0,
                0.0,
                0.0,
                0.0,
                0.0,
                0.0,
                2.0,
                0.0,
                0.0,
                0.0,
                0.0,
                0.0,
                0.0,
                0.0,
                0.0,
                0.0,
                0.0
            ]
        },
        "purchasingInv": [
            9.483686446195701,
            7.153671113486567,
            6.986746977180588,
            6.851378469674699,
            6.736214399109618,
            6.6358183316446935,
            6.546944026844389,
            6.467419287786316,
            6.395684909193801,
            4.901995612040915,
            4.855987484628273,
            4.813827841000825,
            4.775054078835649,
            4.739282223249334,
            4.706189206697884,
            2.675500097356938,
            2.6591790342047483,
            2.6439812528055917,
            2.629804514436005,
            2.616559011877179,
            2.60416540886015,
            2.592553262855069,
            2.5816597420785583,
            0.0,
            0.0
        ],
        "ub": 3303.0685732327443,
        "Purchasing": [
            12.0,
            12.0,
            12.0,
            12.0,
            12.0,
            5.6794093250740625,
            0.0,
            0.0,
            0.0
        ]
    },
    "ub_base": {
        "blendingInv": [
            8.69967154658909,
            6.331495125530211,
            6.096166056757783,
            2.0402776817791852,
            2.0
        ],