{
    "scaling_approx": {
        "blendingInv": [
            6.883266426501732,
            6.343848697556454,
            6.04263694481449,
            5.882347642828125,
            5.790346294907544,
            5.712795497734744,
            5.611718413013969,
            5.46283339249097,
            5.253659837463282,
            4.981723629438888,
            4.652788088748536,
            4.27907321605719,
            3.8774423176401434,
            3.467543319261794,
            3.0698965981245214,
            2.70392385,
            2.3859142021039528,
            2.126924900692105,
            1.9306146692575226,
            1.79100837501866,
            1.6901920333628637,
            1.5959374686881915,
            1.4592561659739118,
            1.2118820103797419,
            0.7636827360602224
        ],
        "Sales": [
            0.3878534218143582,
            0.181822238903251,
            0.05972315921090132,
            0.00439678007148947,
            0.0,
            0.03207422243456204,
            0.08761355947877814,
            0.15513303564405323,
            0.22473679159193116,
            0.28818628787642364,
            0.33896850868634676,
            0.37236416558766194,
            0.3855159012657463,
            0.3774964932678495,
            0.3493770577453068,
            0.3042952531959173,
            0.24752348420629122,
            0.18653710519294978,
            0.1310826241506895,
            0.09324590638287944,
            0.08752037825583425,
            0.13087523093689815,
            0.24282362412904668,
            0.4454908898311132,
            0.7636827360602224
        ],
        "salesDiv": {
            "2": [
                0.33896850868634676,
                0.37236416558766194,
                0.3855159012657463,
                0.3774964932678495,
                0.07596783126591689,
                0.16792857401847908,
                0.21434395131134604,
                0.184778393164354,
                0.1310826241506895,
                0.08790020264378577,
                0.08078087368054362,
                0.13087523093689815,
                0.24282362412904668,
                0.4454908898311132,
                0.7636827360602225
            ],
            "1": [
                0.3878534218143582,
                0.181822238903251,
                0.05972315921090132,
                0.00439678007148947,
                0.0,
                0.03207422243456204,
                0.08761355947877814,
                0.15513303564405323,
                0.22473679159193116,
                0.28818628787642364,
                0.0,
                0.0,
                0.0,
                0.0,
                0.2734092264793899,
                0.13636667917743825,
                0.03317953289494518,
                0.001758712028595788,
                0.0,
                0.005345703739093673,
                0.006739504575290626,
                0.0,
                0.0,
                0.0,
                0.0
            ]
        },
        "purchasingInv": [
            7.1314273481368495,
            6.495413004687373,
            6.162026458653202,
            5.982913785603589,
            5.877950862756636,
            5.790346294907544,
            5.680721275300182,
            5.52410485353519,
            5.307700356846917,
            5.02892304587135,
            4.693537341562465,
            4.313819580062189,
            3.9067090504695283,
            3.4919264163743975,
            3.090046825993942,
            2.7205195403792146,
            2.3996285968040825,
            2.138390717897662,
            1.9403877954991555,
            1.799532045106833,
            1.6977624686357806,
            1.6026716551070297,
            1.4650622377512934,
            1.2164325418448652,
            0.7663911205486285
        ],
        "serviceLevel": [
            0.4695847139801254,
            1.0
        ],
        "Outdating": 0.0,
        "Purchasing": [
            11.99688133478871,
            11.963318287202256,
            11.681006341701018,
            9.670613139777162,
            6.801445376169823,
            4.887898656341231,
            3.210855012796565,
            2.3470864680212467,
            2.1151576331728528
        ]
    },
    "ub_large": {
        "blendingInv": [
            7.844218468645289,
            6.2932207865242855,
            6.171289377234778,
            6.067556849764121,
            5.977126407568472,
            5.897074042113715,
            5.825443175486119,
            5.7608293739642855,
            5.702175307133265,
            4.233493579141521,
            4.196738422510519,
            4.162935107801605,
            4.131748882256743,
            4.1028980926843905,
            4.076143051046468,
            2.6591790342047466,
            2.64398125280559,
            2.629804514436003,
            2.616559011877177,
            2.604165408860148,
            2.592553262855067,
            2.5816597420785565,
            2.5714285714285703,
            0.0,
            0.0
        ],
        "Sales": [
            1.400642953689531,
            0.0,
            0.0,
            0.0,
            0.0,
            0.0,
            0.0,
            0.0,
            1.4285714285714286,
            0.0,
            0.0,
            0.0,
            0.0,
            0.0,
            1.400642953689531,
            0.0,
            0.0,
            0.0,
            0.0,
            0.0,
            0.0,
            0.0,
            2.5714285714285716,
            0.0,
            0.0
        ],
        "salesDiv": {
            "2": [
                0.0,
                0.0,
                0.0,
                0.0,
                1.4285714285714286,
                0.0,
                0.0,
                0.0,
                0.0,
                0.0,
                0.0,
                0.0,
                0.0,
                0.0,
                0.0,
                0.0,
                0.0,
                0.0,
                2.5714285714285716,
                0.0,
                0.0
            ],
            "1": [
                1.400642953689531,
                0.0,
                0.0,
                0.0,
                0.0,
                0.0,
                0.0,
                0.0,
                0.0,
                0.0,
                0.0,
                0.0,
                0.0,
                0.0,
                1.400642953689531,
                0.0,
                0.0,
                0.0,
                0.0,
                0.0,
                0.0,
                0.0,
                0.0,
                0.0,
                0.0
            ]
        },
        "purchasingInv": [
            8.127024387241057,
            6.443575514955758,
            6.2932207865242855,
            6.171289377234778,
            6.067556849764121,
            5.977126407568472,
            5.897074042113715,
            5.825443175486119,
            5.7608293739642855,
            4.273603878561836,
            4.233493579141521,
            4.196738422510519,
            4.162935107801605,
            4.131748882256743,
            4.1028980926843905,
            2.6755000973569363,
            2.6591790342047466,
            2.64398125280559,
            2.629804514436003,
            2.616559011877177,
            2.604165408860148,
            2.592553262855067,
            2.5816597420785565,
            0.0,
            0.0
        ],
        "ub": 3329.632268962275,
        "Purchasing": [
            12.0,
            12.0,
            12.0,
            12.0,
            12.0,
            0.0,
            0.0,
            0.0,
            0.0
        ]
    },
    "ub_base": {
        "blendingInv": [
            4.501676451241482,
            4.254289528903932,
            4.096166056757783,
            2.0402776817791852,
            2.0
        ],