{
    "scaling_approx": {
        "blendingInv": [
            6.814751520728418,
            6.129161439800856,
            5.932047143429515,
            5.80381055301478,
            5.560288649227197,
            5.163733657303695,
            4.655279425983478,
            4.1038091874911125,
            3.5697414932924008,
            3.0831547398910875,
            2.636005354133671,
            2.18834491359321,
            1.6885153022048651,
            1.1073380918235822,
            0.48633208682192497
        ],
        "Sales": [
            0.4800056529681236,
            0.03958904703187638,
            0.0,
            0.13869552016714137,
            0.3121782330339916,
            0.441799496798867,
            0.49956251784932326,
            0.4939254662537065,
            0.4556045912527862,
            0.4233773367513782,
            0.4298854568096091,
            0.4874381311352154,
            0.5738150805743645,
            0.6180696826037106,
            0.48633208682192497
        ],
        "salesDiv": {
            "2": [
                0.49956251784932326,
                0.4939254662537065,
                0.03304611582465977,
                0.3779254621274859,
                0.4298854568096091,
                0.4874381311352154,
                0.5738150805743645,
                0.6180696826037106,
                0.48633208682192497
            ],
            "1": [
                0.4800056529681236,
                0.03958904703187638,
                0.0,
                0.13869552016714137,
                0.3121782330339916,
                0.441799496798867,
                0.0,
                0.0,
                0.4225584754281264,
                0.045451874623892274,
                0.0,
                0.0,
                0.0,
                0.0,
                0.0
            ]
        },
        "purchasingInv": [
            7.180360447296918,
            6.334745867760295,
            6.0895723927689795,
            5.932047143429515,
            5.6651150328476385,
            5.248110416193206,
            4.721934160504829,
            4.1557169081341545,
            3.6098837212374058,
            3.114136902039615,
            2.6597774031397092,
            2.2061198973240623,
            1.7009067824579944,
            1.1147002216305006,
            0.4892684092198861
        ],
        "serviceLevel": [
            0.47006957501300467,
            1.0
        ],
        "Outdating": 0.0,
        "Purchasing": [
            11.950608423742063,
            11.745929773419903,
            10.876791382365754,
            9.110406490040404,
            7.061537177096548,
            5.22291529449911,
            3.6988840444646085,
            2.61992089804914,
            2.3342498469308204
        ]
    },
    "ub_large": {
        "blendingInv": [
            4.838852410250882,
            4.629808266466516,
            4.510044241255967,
            4.412547933129205,
            4.330898851036466,
            4.261268607167885,
            2.722290591020952,
            2.6882873365568885,
            2.6583933423512396,
            2.578729035681382,
            2.5556813652495824,
            2.5350899210838977,
            2.516621233075245,
            2.5,
            0.0
        ],
        "Sales": [
            0.053751043191094625,
            0.0,
            0.0,
            0.0,
            0.0,
            1.5,
            0.0,
            0.0,
            0.053751043191094625,
            0.0,
            0.0,
            0.0,
            0.0,
            2.5000000000000004,
            0.0
        ],
        "salesDiv": {
            "2": [
                0.0,
                0.0,
                1.5,
                0.0,
                0.0,
                0.0,
                0.0,
                0.0,
                0.0,
                0.0,
                2.5000000000000004,
                0.0
            ],
            "1": [
                0.053751043191094625,
                0.0,
                0.0,
                0.0,
                0.0,
                0.0,
                0.0,
                0.0,
                0.053751043191094625,
                0.0,
                0.0,
                0.0,
                0.0,
                0.0,
                0.0
            ]
        },
        "purchasingInv": [
            5.098455072234092,
            4.785101367059788,
            4.629808266466516,
            4.510044241255967,
            4.412547933129205,
            4.330898851036466,
            2.7612686071678856,
            2.722290591020952,
            2.6882873365568885,
            2.6046422991601452,
            2.578729035681382,
            2.5556813652495824,
            2.5350899210838977,
            2.516621233075245,
            0.0
        ],
        "ub": 3437.2234325613294,
        "Purchasing": [
            12.0,
            12.0,
            12.0,
            12.0,
            0.0,
            0.0,
            0.0,
            0.0,
            0.0
        ]
    },
    "ub_base": {
        "blendingInv": [
            4.560705567779641,
            4.283260044646673,
            4.123680672242359,
            2.040316806605848,
            2.0
        ],
        "Sales": [
            0.02738601461507706,
            0.0,
            2.027386014615078,
            0.0,
            2.0
        ],
        "salesDiv": {
            "2": [
                2.0,
                0.0,
                2.0
            ],
            "1": [
                0.02738601461507706,
                0.0,
                0.02738601461507706,
                0.0,
                0.0
            ]
        },
        "purchasingInv": [
            5.098455072234092,
            4.533319553164564,
            4.283260044646673,
            2.096294657627282,
            2.040316806605848
        ],
        "ub": 3371.0226305862307,
        "Purchasing": [
            12.0,
            12.0,
            12.0,
            12.0,
            0.0,
            0.0,
            0.0,
            0.0,
            0.0
        ]
    }
}
