{
    "scaling_approx": {
        "blendingInv": [
            6.928011167772122,
            6.43135575154731,
            6.180341236650515,
            6.050908269919188,
            5.960725956991148,
            5.858074121666959,
            5.714411434828883,
            5.518418242888856,
            5.270982192185778,
            4.980937092126532,
            4.661470460789368,
            4.327156356411866,
            3.9915891916956334,
            3.6656042232051744,
            3.3560761187643284,
            3.065290478613592,
            2.7908853911886737,
            2.526361543791968,
            2.262160361765083,
            1.987310282398107,
            1.6916416846369449,
            1.3685712593843675,
            1.018456762603671,
            0.6525231754087599,
            0.2973613236667276
        ],
        "Sales": [
            0.343000430920515,
            0.12890426032751234,
            0.02598506770484832,
            0.0,
            0.023128891047124345,
            0.07339708969588354,
            0.1340982879402728,
            0.19321734904744448,
            0.24285313568653333,
            0.2786413380574828,
            0.2991773020198716,
            0.30543885722174036,
            0.300209145228413,
            0.2874994476510579,
            0.27197201427683204,
            0.258362891195131,
            0.2509047489288472,
            0.25274971056217765,
            0.2653921798695382,
            0.28809166944430586,
            0.31729562882791895,
            0.346062272638207,
            0.3634834086989951,
            0.35410726616815147,
            0.2973613236667276
        ],
        "salesDiv": {
            "2": [
                0.2991773020198716,
                0.30543885722174036,
                0.0,
                0.2874994476510579,
                0.2577118030625404,
                0.14544402863396655,
                0.2509047489288472,
                0.25274971056217765,
                0.25908430049304976,
                0.2758588211616586,
                0.30698037590943644,
                0.346062272638207,
                0.3634834086989951,
                0.35410726616815147,
                0.2954976568502996
            ],
            "1": [
                0.343000430920515,
                0.12890426032751234,
                0.02598506770484832,
                0.0,
                0.023128891047124345,
                0.07339708969588354,
                0.1340982879402728,
                0.19321734904744448,
                0.24285313568653333,
                0.2786413380574828,
                0.0,
                0.0,
                0.300209145228413,
                0.0,
                0.014260211214291663,
                0.11291886256116447,
                0.0,
                0.0,
                0.006307879376488458,
                0.012232848282647257,
                0.010315252918482521,
                0.0,
                0.0,
                0.0,
                0.0018636668164279668
            ]
        },
        "purchasingInv": [
            7.177785261925049,
            6.585010736851607,
            6.302451491219798,
            6.154356168945667,
            6.050908269919188,
            5.937597065944024,
            5.784677031971075,
            5.580313146888611,
            5.325200893841412,
            5.028129056499243,
            4.702295754069049,
            4.362293158769496,
            4.021717499190125,
            3.6913800464672204,
            3.3781047755541165,
            3.084104104487496,
            2.8069275874184605,
            2.539980642259827,
            2.2736118332297903,
            1.9967681818955445,
            1.6992186129538012,
            1.3743460558090257,
            1.0225089867461608,
            0.6549733539046758,
            0.2984159092406083
        ],
        "serviceLevel": [
            0.47533342920638305,
            0.9999999999999999
        ],
        "Outdating": 0.0,
        "Purchasing": [
            11.949078049244225,
            11.743460152433315,
            10.880788894195216,
            9.107961761001704,
            7.060282299968242,
            5.220893497221481,
            3.696977934475652,
            2.6099669029127344,
            2.3230990869772685
        ]
    },
    "ub_large": {
        "blendingInv": [
            6.661383503359331,
            5.666755193528913,
            5.556961580642303,
            5.4635552218441275,
            5.382126777594624,
            5.310043313008987,
            5.2455430198764,
            5.1873612703767575,
            5.13454598721555,
            3.6711917960355023,
            3.6393185388867115,
            3.6100050536248927,
            3.582961050078104,
            3.5579422848415105,
            3.534740905761198,
            2.6591790342047474,
            2.643981252805591,
            2.629804514436004,
            2.616559011877178,
            2.604165408860149,
            2.592553262855068,
            2.5816597420785574,
            2.571428571428571,
            0.0,
            0.0
        ],
        "Sales": [
            0.8592408084042609,
            0.0,
            0.0,
            0.0,
            0.0,
            0.0,
            0.0,
            0.0,
            1.4285714285714286,
            0.0,
            0.0,
            0.0,
            0.0,
            0.0,
            0.8592408084042609,
            0.0,
            0.0,
            0.0,
            0.0,
            0.0,
            0.0,
            0.0,
            2.5714285714285716,
            0.0,
            0.0
        ],
        "salesDiv": {
            "2": [
                0.0,
                0.0,
                0.0,
                0.0,
                1.4285714285714286,
                0.0,
                0.0,
                0.0,
                0.0,
                0.0,
                0.0,
                0.0,
                0.0,
                0.0,
                0.0,
                0.0,
                0.0,
                0.0,
                2.5714285714285716,
                0.0,
                0.0
            ],
            "1": [
                0.8592408084042609,
                0.0,
                0.0,
                0.0,
                0.0,
                0.0,
                0.0,
                0.0,
                0.0,
                0.0,
                0.0,
                0.0,
                0.0,
                0.0,
                0.8592408084042609,
                0.0,
                0.0,
                0.0,
                0.0,
                0.0,
                0.0,
                0.0,
                0.0,
                0.0,
                0.0
            ]
        },
        "purchasingInv": [
            6.901544927765908,
            5.80214269495507,
            5.666755193528913,
            5.556961580642303,
            5.4635552218441275,
            5.382126777594624,
            5.310043313008987,
            5.2455430198764,
            5.1873612703767575,
            3.7059745586441206,
            3.6711917960355023,
            3.6393185388867115,
            3.6100050536248927,
            3.582961050078104,
            3.5579422848415105,
            2.675500097356937,
            2.6591790342047474,
            2.643981252805591,
            2.629804514436004,
            2.616559011877178,
            2.604165408860149,
            2.592553262855068,
            2.5816597420785574,
            0.0,
            0.0
        ],
        "ub": 3452.6448850263478,
        "Purchasing": [
            12.0,
            12.0,
            12.0,
            12.0,
            12.0,
            0.0,
            0.0,
            0.0,
            0.0
        ]
    },