{
    "avgPurchasing": 8.6181,
    "avgSelling": [
        0.0,
        0.0,
        0.0,
        0.00019999999999953388,
        3.1510499999999997,
        0.6111499999999999,
        0.11240000000000006,
        0.07884999999999964,
        0.061799999999999855,
        0.18244999999999978,
        2.0844,
        0.35559999999999997,
        0.19119999999999998,
        0.11930000000000002,
        0.18185
    ],
    "stdProfits": 1562.2147314974923,
    "avgProfits": 2580.1734999999912,
    "avgBlendingInventory": [
        8.1759,
        7.9069,
        7.70205,
        7.53405,
        7.3964,
        4.18155,
        3.52035,
        3.3627,
        3.247,
        3.1542,
        2.94555,
        0.8541,
        0.4952,
        0.30185,
        0.18185
    ],
    "avgPurchasingInventory": [
        8.1759,
        7.9069,
        7.70205,
        7.53385,
        4.24535,
        3.5704,
        3.40795,
        3.28385,
        3.1852,
        2.97175,
        0.86115,
        0.4985,
        0.304,
        0.18255,
        0.0
    ],
    "serviceLevels": {
        "2": 15651.25,
        "1": 20000.0
    }
}
