{
    "avgPurchasing": 9.36255,
    "avgSelling": [
        0.0,
        0.0,
        0.0,
        0.0,
        0.0,
        0.0,
        0.0,
        3.4956000000000005,
        0.41520000000000046,
        0.053599999999999426,
        0.02499999999999991,
        0.006800000000000139,
        0.0026000000000001577,
        0.0005999999999999339,
        0.0015499999999999403,
        0.01629999999999976,
        0.21389999999999976,
        2.3518,
        0.405,
        0.22730000000000006,
        0.15350000000000003,
        0.1038,
        0.0736,
        0.061100000000000015,
        0.1684
    ],
    "stdProfits": 803.8263928029781,
    "avgProfits": 3125.8844111110866,
    "avgBlendingInventory": [
        9.03215,
        8.8257,
        8.65645,
        8.5137,
        8.39095,
        8.281,
        8.18105,
        8.0911,
        4.5471,
        4.092,
        4.0039,
        3.9481,
        3.9106,
        3.8809,
        3.85545,
        3.83085,
        3.79255,
        3.56085,
        1.2031,
        0.7949,
        0.5651,
        0.4096,
        0.3044,
        0.2303,
        0.1684
    ],
    "avgPurchasingInventory": [
        9.03215,
        8.8257,
        8.65645,
        8.5137,
        8.39095,
        8.281,
        8.18105,
        4.5955,
        4.1319,
        4.0384,
        3.9789,
        3.9413,
        3.908,
        3.8803,
        3.8539,
        3.81455,
        3.57865,
        1.20905,
        0.7981,
        0.5676,
        0.4116,
        0.3058,
        0.2308,
        0.1692,
        0.0
    ],
    "serviceLevels": {
        "2": 18878.25,
        "1": 20000.0
    }
}
