{
    "avgPurchasing": 8.79475,
    "avgSelling": [
        0.0,
        0.0,
        0.0,
        0.0,
        0.0,
        0.0,
        0.0,
        3.2138,
        0.5937999999999999,
        0.08820000000000006,
        0.06240000000000023,
        0.020399999999999974,
        0.013200000000000323,
        0.0059499999999999,
        0.007550000000000168,
        0.040349999999999664,
        0.21940000000000026,
        2.1794499999999997,
        0.33599999999999997,
        0.17140000000000005,
        0.11124999999999999,
        0.07665,
        0.0513,
        0.03774999999999999,
        0.07995
    ],
    "stdProfits": 1458.085188298348,
    "avgProfits": 2707.793233333321,
    "avgBlendingInventory": [
        8.48405,
        8.28895,
        8.12635,
        7.9904,
        7.86945,
        7.7643,
        7.67555,
        7.5892,
        4.33,
        3.7016,
        3.5832,
        3.4919,
        3.44565,
        3.4091,
        3.38105,
        3.35105,
        3.29075,
        3.054,
        0.87015,
        0.53185,
        0.3591,
        0.24675,
        0.1696,
        0.1181,
        0.07995
    ],
    "avgPurchasingInventory": [
        8.48405,
        8.28895,
        8.12635,
        7.9904,
        7.86945,
        7.7643,
        7.67555,
        4.3754,
        3.7362,
        3.6134,
        3.5208,
        3.4715,
        3.43245,
        3.40315,
        3.3735,
        3.3107,
        3.07135,
        0.87455,
        0.53415,
        0.36045,
        0.24785,
        0.1701,
        0.1183,
        0.08035,
        0.0
    ],
    "serviceLevels": {
        "2": 16544.0,
        "1": 20000.0
    }
}
