{
    "avgPurchasing": 9.22495,
    "avgSelling": [
        0.0,
        0.0,
        0.0,
        0.0,
        0.0,
        0.0,
        0.0,
        3.3679999999999994,
        0.49879999999999924,
        0.08069999999999977,
        0.03310000000000013,
        0.011800000000000033,
        0.004849999999999799,
        0.0015999999999998238,
        0.0020999999999999908,
        0.02839999999999998,
        0.2216499999999999,
        2.2780500000000004,
        0.37975000000000014,
        0.2157,
        0.14849999999999997,
        0.10049999999999998,
        0.07665000000000002,
        0.057999999999999996,
        0.1534
    ],
    "stdProfits": 1053.555859840307,
    "avgProfits": 2986.2275333333077,
    "avgBlendingInventory": [
        8.90455,
        8.69975,
        8.53305,
        8.38785,
        8.26305,
        8.15575,
        8.05455,
        7.9666,
        4.552,
        4.0149,
        3.9017,
        3.83815,
        3.7977,
        3.76795,
        3.74225,
        3.7176,
        3.6679,
        3.42675,
        1.14325,
        0.7599,
        0.5417,
        0.39165,
        0.28965,
        0.21175,
        0.1534
    ],
    "avgPurchasingInventory": [
        8.90455,
        8.69975,
        8.53305,
        8.38785,
        8.26305,
        8.15575,
        8.05455,
        4.5986,
        4.0532,
        3.9342,
        3.8686,
        3.82635,
        3.79285,
        3.76635,
        3.74015,
        3.6892,
        3.44625,
        1.1487,
        0.7635,
        0.5442,
        0.3932,
        0.29115,
        0.213,
        0.15375,
        0.0
    ],
    "serviceLevels": {
        "2": 18307.75,
        "1": 20000.0
    }
}
