{
    "avgPurchasing": 9.04315,
    "avgSelling": [
        0.0,
        0.0,
        0.0,
        0.0,
        3.30595,
        0.5250500000000002,
        0.10029999999999983,
        0.04485000000000028,
        0.0424500000000001,
        0.1963499999999998,
        2.1865500000000004,
        0.40039999999999987,
        0.23870000000000002,
        0.1648,
        0.26265
    ],
    "stdProfits": 1232.7872155371904,
    "avgProfits": 2876.46533333331,
    "avgBlendingInventory": [
        8.5817,
        8.302,
        8.0854,
        7.9119,
        7.76595,
        4.3912,
        3.8103,
        3.6615,
        3.576,
        3.4972,
        3.2705,
        1.0754,
        0.67095,
        0.429,
        0.26265
    ],
    "avgPurchasingInventory": [
        8.5817,
        8.302,
        8.0854,
        7.9119,
        4.46,
        3.86615,
        3.71,
        3.61665,
        3.53355,
        3.30085,
        1.08395,
        0.675,
        0.43225,
        0.2642,
        0.0
    ],
    "serviceLevels": {
        "2": 17340.25,
        "1": 20000.0
    }
}
