{
    "avgPurchasing": 9.0309,
    "avgSelling": [
        0.0,
        0.0,
        0.0,
        0.0,
        0.0,
        0.0,
        0.0,
        3.1861000000000006,
        0.6223000000000001,
        0.07859999999999978,
        0.06979999999999986,
        0.020199999999999996,
        0.012799999999999923,
        0.006750000000000256,
        0.008099999999999774,
        0.039750000000000174,
        0.18630000000000013,
        2.1692,
        0.33915000000000006,
        0.20104999999999995,
        0.15175,
        0.10124999999999995,
        0.08004999999999998,
        0.06564999999999999,
        0.1452
    ],
    "stdProfits": 1312.6624417770363,
    "avgProfits": 2942.219833333308,
    "avgBlendingInventory": [
        8.7135,
        8.51035,
        8.34015,
        8.19925,
        8.07695,
        7.9635,
        7.86935,
        7.78225,
        4.5488,
        3.88975,
        3.7796,
        3.67895,
        3.63185,
        3.5937,
        3.56315,
        3.5331,
        3.47485,
        3.2696,
        1.09515,
        0.75235,
        0.5485,
        0.3949,
        0.2925,
        0.21145,
        0.1452
    ],
    "avgPurchasingInventory": [
        8.7135,
        8.51035,
        8.34015,
        8.19925,
        8.07695,
        7.9635,
        7.86935,
        4.59615,
        3.9265,
        3.81115,
        3.7098,
        3.65875,
        3.61905,
        3.58695,
        3.55505,
        3.49335,
        3.28855,
        1.1004,
        0.756,
        0.5513,
        0.39675,
        0.29365,
        0.21245,
        0.1458,
        0.0
    ],
    "serviceLevels": {
        "2": 17420.0,
        "1": 20000.0
    }
}
