{
    "avgPurchasing": 9.23345,
    "avgSelling": [
        0.0,
        0.0,
        0.0,
        0.0,
        3.4738000000000007,
        0.39400000000000013,
        0.09174999999999978,
        0.02674999999999983,
        0.025599999999999845,
        0.20235000000000003,
        2.2593500000000004,
        0.45994999999999997,
        0.23635000000000006,
        0.16085,
        0.28205
    ],
    "stdProfits": 1043.6166180610937,
    "avgProfits": 2918.600333333309,
    "avgBlendingInventory": [
        8.7598,
        8.4736,
        8.25575,
        8.07525,
        7.9175,
        4.37235,
        3.92235,
        3.7824,
        3.71305,
        3.65,
        3.4178,
        1.1492,
        0.6831,
        0.4443,
        0.28205
    ],
    "avgPurchasingInventory": [
        8.7598,
        8.4736,
        8.25575,
        8.07525,
        4.4437,
        3.97835,
        3.8306,
        3.75565,
        3.68745,
        3.44765,
        1.15845,
        0.68925,
        0.44675,
        0.28345,
        0.0
    ],
    "serviceLevels": {
        "2": 18064.0,
        "1": 20000.0
    }
}
