{
    "avgPurchasing": 9.09775,
    "avgSelling": [
        0.0,
        0.0,
        0.0,
        0.0,
        0.0,
        0.0,
        0.0,
        3.2468000000000004,
        0.5726,
        0.08460000000000001,
        0.058399999999999785,
        0.020000000000000018,
        0.008399999999999963,
        0.005349999999999966,
        0.007200000000000095,
        0.03860000000000019,
        0.18399999999999972,
        2.1788,
        0.3526999999999999,
        0.2067,
        0.15474999999999994,
        0.10735,
        0.09160000000000001,
        0.0759,
        0.16455
    ],
    "stdProfits": 1227.0225193476517,
    "avgProfits": 2965.096633333308,
    "avgBlendingInventory": [
        8.77285,
        8.5742,
        8.41165,
        8.27275,
        8.147,
        8.0351,
        7.93915,
        7.8514,
        4.55875,
        3.9485,
        3.8318,
        3.745,
        3.69785,
        3.6643,
        3.63615,
        3.60955,
        3.55,
        3.34795,
        1.1638,
        0.8071,
        0.59805,
        0.4418,
        0.3335,
        0.2409,
        0.16455
    ],
    "avgPurchasingInventory": [
        8.77285,
        8.5742,
        8.41165,
        8.27275,
        8.147,
        8.0351,
        7.93915,
        4.6046,
        3.98615,
        3.8639,
        3.7734,
        3.725,
        3.68945,
        3.65895,
        3.62895,
        3.57095,
        3.366,
        1.16915,
        0.8111,
        0.6004,
        0.4433,
        0.33445,
        0.2419,
        0.165,
        0.0
    ],
    "serviceLevels": {
        "2": 17791.5,
        "1": 20000.0
    }
}
