{
    "avgPurchasing": 8.0353,
    "avgSelling": [
        0.0,
        0.0,
        0.0,
        0.0,
        0.0,
        0.0,
        0.0,
        2.87775,
        0.7518000000000002,
        0.11445000000000016,
        0.12119999999999997,
        0.04159999999999986,
        0.04179999999999984,
        0.02464999999999984,
        0.02414999999999967,
        0.04870000000000019,
        0.15165000000000006,
        1.8743,
        0.25575,
        0.13215,
        0.0933,
        0.053800000000000014,
        0.032549999999999996,
        0.0223,
        0.03735
    ],
    "stdProfits": 1889.6990040150731,
    "avgProfits": 2229.2102555555557,
    "avgBlendingInventory": [
        7.7519,
        7.57265,
        7.42635,
        7.3041,
        7.1977,
        7.102,
        7.01455,
        6.93415,
        4.0143,
        3.2324,
        3.08895,
        2.94445,
        2.8815,
        2.81935,
        2.776,
        2.7357,
        2.6718,
        2.5078,
        0.63,
        0.37305,
        0.24015,
        0.14655,
        0.0923,
        0.05965,
        0.03735
    ],
    "avgPurchasingInventory": [
        7.7519,
        7.57265,
        7.42635,
        7.3041,
        7.1977,
        7.102,
        7.01455,
        4.0564,
        3.2625,
        3.11795,
        2.96775,
        2.90285,
        2.8397,
        2.7947,
        2.75185,
        2.687,
        2.52015,
        0.6335,
        0.37425,
        0.2409,
        0.14685,
        0.09275,
        0.05975,
        0.03735,
        0.0
    ],
    "serviceLevels": {
        "2": 13496.25,
        "1": 20000.0
    }
}
