{
    "avgPurchasing": 9.4928,
    "avgSelling": [
        0.0,
        0.0,
        0.0,
        0.0,
        0.0,
        0.0,
        0.0,
        3.6178,
        0.3171999999999997,
        0.0484,
        0.013200000000000323,
        0.0026000000000001577,
        0.0007999999999999119,
        0.0,
        4.999999999988347e-5,
        0.00790000000000024,
        0.23599999999999977,
        2.4289,
        0.44694999999999996,
        0.2198,
        0.14900000000000008,
        0.09550000000000003,
        0.06689999999999999,
        0.04694999999999999,
        0.1612
    ],
    "stdProfits": 625.0728059401292,
    "avgProfits": 3123.986733333308,
    "avgBlendingInventory": [
        9.1567,
        8.93575,
        8.7639,
        8.61985,
        8.49185,
        8.37535,
        8.2802,
        8.18695,
        4.52145,
        4.163,
        4.07735,
        4.03095,
        3.9987,
        3.9708,
        3.9461,
        3.92085,
        3.88955,
        3.6328,
        1.19705,
        0.747,
        0.5247,
        0.37345,
        0.2764,
        0.2087,
        0.1612
    ],
    "avgPurchasingInventory": [
        9.1567,
        8.93575,
        8.7639,
        8.61985,
        8.49185,
        8.37535,
        8.2802,
        4.56915,
        4.20425,
        4.1146,
        4.06415,
        4.02835,
        3.9979,
        3.9708,
        3.94605,
        3.91295,
        3.65355,
        1.2039,
        0.7501,
        0.5272,
        0.3757,
        0.27795,
        0.2095,
        0.16175,
        0.0
    ],
    "serviceLevels": {
        "2": 19295.75,
        "1": 20000.0
    }
}
