{
    "avgPurchasing": 8.60595,
    "avgSelling": [
        0.0,
        0.0,
        0.0,
        0.0,
        0.0,
        0.0,
        0.0,
        3.05495,
        0.6856499999999999,
        0.09179999999999966,
        0.08789999999999987,
        0.02804999999999991,
        0.02574999999999994,
        0.012249999999999872,
        0.01629999999999976,
        0.0464500000000001,
        0.17799999999999994,
        2.06665,
        0.30569999999999997,
        0.15964999999999996,
        0.12490000000000001,
        0.07715,
        0.056499999999999995,
        0.046249999999999986,
        0.0877
    ],
    "stdProfits": 1619.9150181057732,
    "avgProfits": 2640.855033333323,
    "avgBlendingInventory": [
        8.3098,
        8.1173,
        7.96035,
        7.8267,
        7.71265,
        7.60715,
        7.51155,
        7.42725,
        4.32895,
        3.6085,
        3.4853,
        3.36925,
        3.3156,
        3.2678,
        3.2325,
        3.19515,
        3.12955,
        2.9359,
        0.8654,
        0.55675,
        0.3951,
        0.2692,
        0.19135,
        0.1344,
        0.0877
    ],
    "avgPurchasingInventory": [
        8.3098,
        8.1173,
        7.96035,
        7.8267,
        7.71265,
        7.60715,
        7.51155,
        4.3723,
        3.6433,
        3.5167,
        3.3974,
        3.3412,
        3.28985,
        3.25555,
        3.2162,
        3.1487,
        2.95155,
        0.86925,
        0.5597,
        0.3971,
        0.2702,
        0.19205,
        0.13485,
        0.08815,
        0.0
    ],
    "serviceLevels": {
        "2": 15758.0,
        "1": 20000.0
    }
}
