{
    "avgPurchasing": 9.14545,
    "avgSelling": [
        0.0,
        0.0,
        0.0,
        0.0,
        0.0,
        0.0,
        0.0,
        3.2928000000000006,
        0.5538000000000003,
        0.0766,
        0.04919999999999991,
        0.01540000000000008,
        0.007800000000000029,
        0.00254999999999983,
        0.0045999999999999375,
        0.03475000000000028,
        0.20379999999999976,
        2.2524,
        0.37460000000000004,
        0.20429999999999993,
        0.13855,
        0.10394999999999999,
        0.07420000000000002,
        0.055499999999999994,
        0.13815
    ],
    "stdProfits": 1157.4923588948154,
    "avgProfits": 2956.1729333333083,
    "avgBlendingInventory": [
        8.83065,
        8.62335,
        8.45685,
        8.31155,
        8.1889,
        8.0783,
        7.98145,
        7.8897,
        4.55095,
        3.95885,
        3.84885,
        3.7704,
        3.72515,
        3.6906,
        3.66355,
        3.63715,
        3.58045,
        3.358,
        1.09975,
        0.7211,
        0.5142,
        0.37445,
        0.269,
        0.19405,
        0.13815
    ],
    "avgPurchasingInventory": [
        8.83065,
        8.62335,
        8.45685,
        8.31155,
        8.1889,
        8.0783,
        7.98145,
        4.5969,
        3.99715,
        3.88225,
        3.79965,
        3.755,
        3.71735,
        3.68805,
        3.65895,
        3.6024,
        3.37665,
        1.1056,
        0.72515,
        0.5168,
        0.37565,
        0.2705,
        0.1948,
        0.13855,
        0.0
    ],
    "serviceLevels": {
        "2": 17914.75,
        "1": 20000.0
    }
}
