{
    "avgPurchasing": 9.4236,
    "avgSelling": [
        0.0,
        0.0,
        0.0,
        0.0,
        0.0,
        0.0,
        0.0,
        3.5955999999999992,
        0.34080000000000066,
        0.04579999999999984,
        0.011800000000000033,
        0.0033999999999996255,
        0.0023999999999997357,
        0.00019999999999997797,
        0.000300000000000189,
        0.012399999999999967,
        0.22724999999999973,
        2.3964999999999996,
        0.4407500000000001,
        0.22494999999999998,
        0.14099999999999996,
        0.0938,
        0.06799999999999998,
        0.05299999999999999,
        0.16585
    ],
    "stdProfits": 696.7950273402025,
    "avgProfits": 3126.960811111086,
    "avgBlendingInventory": [
        9.1057,
        8.89165,
        8.7208,
        8.56765,
        8.44215,
        8.32715,
        8.2256,
        8.13605,
        4.49415,
        4.11425,
        4.0346,
        3.9915,
        3.95965,
        3.9303,
        3.90585,
        3.8806,
        3.84665,
        3.59975,
        1.1968,
        0.7525,
        0.52545,
        0.3829,
        0.288,
        0.2195,
        0.16585
    ],
    "avgPurchasingInventory": [
        9.1057,
        8.89165,
        8.7208,
        8.56765,
        8.44215,
        8.32715,
        8.2256,
        4.54045,
        4.15335,
        4.06845,
        4.0228,
        3.9881,
        3.95725,
        3.9301,
        3.90555,
        3.8682,
        3.6194,
        1.20325,
        0.75605,
        0.52755,
        0.38445,
        0.2891,
        0.22,
        0.1665,
        0.0
    ],
    "serviceLevels": {
        "2": 19119.0,
        "1": 20000.0
    }
}
