{
    "avgPurchasing": 8.49685,
    "avgSelling": [
        0.0,
        0.0,
        0.0,
        0.00019999999999953388,
        3.0827,
        0.6568000000000005,
        0.11335000000000006,
        0.09109999999999996,
        0.06555,
        0.18159999999999998,
        2.02045,
        0.34210000000000007,
        0.18310000000000004,
        0.12775,
        0.178
    ],
    "stdProfits": 1637.54791275671,
    "avgProfits": 2546.0118333333253,
    "avgBlendingInventory": [
        8.065,
        7.80545,
        7.6065,
        7.4467,
        7.30845,
        4.1576,
        3.44975,
        3.29495,
        3.16815,
        3.07355,
        2.86435,
        0.8372,
        0.49125,
        0.30685,
        0.178
    ],
    "avgPurchasingInventory": [
        8.065,
        7.80545,
        7.6065,
        7.4465,
        4.22575,
        3.5008,
        3.3364,
        3.20385,
        3.1026,
        2.89195,
        0.8439,
        0.4951,
        0.30815,
        0.1791,
        0.0
    ],
    "serviceLevels": {
        "2": 15213.5,
        "1": 20000.0
    }
}
