{
    "avgPurchasing": 9.3564,
    "avgSelling": [
        0.0,
        0.0,
        0.0,
        0.0,
        3.5341500000000003,
        0.3702499999999995,
        0.06519999999999992,
        0.020550000000000068,
        0.016350000000000087,
        0.21229999999999993,
        2.3083,
        0.4659500000000001,
        0.25960000000000005,
        0.17075,
        0.30305
    ],
    "stdProfits": 824.9813961853584,
    "avgProfits": 3063.6757777777543,
    "avgBlendingInventory": [
        8.8777,
        8.593,
        8.3703,
        8.1875,
        8.0404,
        4.4319,
        4.00455,
        3.89125,
        3.8262,
        3.7702,
        3.5266,
        1.209,
        0.7375,
        0.4756,
        0.30305
    ],
    "avgPurchasingInventory": [
        8.8777,
        8.593,
        8.3703,
        8.1875,
        4.50625,
        4.06165,
        3.93935,
        3.8707,
        3.80985,
        3.5579,
        1.2183,
        0.74305,
        0.4779,
        0.30485,
        0.0
    ],
    "serviceLevels": {
        "2": 18632.25,
        "1": 20000.0
    }
}
