{
    "avgPurchasing": 8.03055,
    "avgSelling": [
        0.0,
        0.0,
        0.0,
        0.000600000000000378,
        2.9552,
        0.7070999999999996,
        0.13134999999999986,
        0.12395000000000023,
        0.08190000000000008,
        0.1803499999999998,
        1.89715,
        0.2827,
        0.13190000000000002,
        0.07785,
        0.084
    ],
    "stdProfits": 1819.4060250943883,
    "avgProfits": 2145.233833333334,
    "avgBlendingInventory": [
        7.62285,
        7.37195,
        7.18045,
        7.0231,
        6.8902,
        3.87165,
        3.12045,
        2.94905,
        2.79395,
        2.68445,
        2.48195,
        0.5798,
        0.29515,
        0.16205,
        0.084
    ],
    "avgPurchasingInventory": [
        7.62285,
        7.37195,
        7.18045,
        7.0225,
        3.935,
        3.16455,
        2.9891,
        2.8251,
        2.71205,
        2.5041,
        0.5848,
        0.2971,
        0.16325,
        0.0842,
        0.0
    ],
    "serviceLevels": {
        "2": 13270.25,
        "1": 20000.0
    }
}
