{
    "avgPurchasing": 8.0427,
    "avgSelling": [
        0.0,
        0.0,
        0.0,
        0.0004999999999997229,
        2.9431,
        0.7339500000000001,
        0.12870000000000026,
        0.11235000000000017,
        0.07400000000000029,
        0.1825000000000001,
        1.9225,
        0.28585000000000005,
        0.12555,
        0.07590000000000001,
        0.08225
    ],
    "stdProfits": 1790.474658890439,
    "avgProfits": 2183.2813888888886,
    "avgBlendingInventory": [
        7.6377,
        7.38305,
        7.18885,
        7.0313,
        6.8998,
        3.8922,
        3.1141,
        2.94925,
        2.8054,
        2.7044,
        2.50015,
        0.57315,
        0.28535,
        0.1587,
        0.08225
    ],
    "avgPurchasingInventory": [
        7.6377,
        7.38305,
        7.18885,
        7.0308,
        3.9567,
        3.15825,
        2.9854,
        2.8369,
        2.7314,
        2.5219,
        0.57765,
        0.2873,
        0.1598,
        0.0828,
        0.0
    ],
    "serviceLevels": {
        "2": 13335.75,
        "1": 20000.0
    }
}
