{
    "avgPurchasing": 8.7453,
    "avgSelling": [
        0.0,
        0.0,
        0.0,
        0.0,
        3.2614,
        0.5454500000000002,
        0.11030000000000006,
        0.0525500000000001,
        0.05025000000000013,
        0.20460000000000012,
        2.1595500000000003,
        0.37399999999999994,
        0.18184999999999996,
        0.11174999999999996,
        0.1694
    ],
    "stdProfits": 1445.7074802642985,
    "avgProfits": 2619.772666666656,
    "avgBlendingInventory": [
        8.29145,
        8.0219,
        7.8157,
        7.64555,
        7.49835,
        4.168,
        3.5694,
        3.4163,
        3.32645,
        3.2428,
        3.01045,
        0.8431,
        0.4659,
        0.282,
        0.1694
    ],
    "avgPurchasingInventory": [
        8.29145,
        8.0219,
        7.8157,
        7.64555,
        4.23695,
        3.62255,
        3.4591,
        3.36375,
        3.2762,
        3.0382,
        0.8509,
        0.4691,
        0.28405,
        0.17025,
        0.0
    ],
    "serviceLevels": {
        "2": 16105.5,
        "1": 20000.0
    }
}
