{
    "avgPurchasing": 9.13495,
    "avgSelling": [
        0.0,
        0.0,
        0.0,
        0.0,
        3.3831999999999995,
        0.45455000000000023,
        0.0966499999999999,
        0.043700000000000294,
        0.03750000000000009,
        0.19879999999999987,
        2.22925,
        0.4175000000000001,
        0.24409999999999998,
        0.16409999999999997,
        0.27835
    ],
    "stdProfits": 1133.9239263039349,
    "avgProfits": 2900.3103333333097,
    "avgBlendingInventory": [
        8.6776,
        8.3968,
        8.1766,
        7.9988,
        7.85255,
        4.39665,
        3.8847,
        3.73755,
        3.65375,
        3.58095,
        3.3527,
        1.1142,
        0.6906,
        0.4436,
        0.27835
    ],
    "avgPurchasingInventory": [
        8.6776,
        8.3968,
        8.1766,
        7.9988,
        4.46935,
        3.9421,
        3.78805,
        3.69385,
        3.61625,
        3.38215,
        1.12345,
        0.6967,
        0.4465,
        0.2795,
        0.0
    ],
    "serviceLevels": {
        "2": 17738.5,
        "1": 20000.0
    }
}
