{
    "avgPurchasing": 9.3937,
    "avgSelling": [
        0.0,
        0.0,
        0.0,
        0.0,
        3.6301000000000005,
        0.3083,
        0.0461999999999998,
        0.011600000000000055,
        0.007800000000000029,
        0.22835000000000027,
        2.39765,
        0.47304999999999997,
        0.23809999999999998,
        0.13855,
        0.2732
    ],
    "stdProfits": 741.3504296411716,
    "avgProfits": 3057.788888888866,
    "avgBlendingInventory": [
        8.9175,
        8.6212,
        8.3968,
        8.2132,
        8.05935,
        4.35835,
        3.9936,
        3.90025,
        3.84475,
        3.7991,
        3.53905,
        1.1313,
        0.6545,
        0.41365,
        0.2732
    ],
    "avgPurchasingInventory": [
        8.9175,
        8.6212,
        8.3968,
        8.2132,
        4.42925,
        4.05005,
        3.9474,
        3.88865,
        3.83695,
        3.57075,
        1.1414,
        0.65825,
        0.4164,
        0.2751,
        0.0
    ],
    "serviceLevels": {
        "2": 18764.5,
        "1": 20000.0
    }
}
