{
    "avgPurchasing": 8.72725,
    "avgSelling": [
        0.0,
        0.0,
        0.0,
        0.0,
        0.0,
        0.0,
        0.0,
        3.138,
        0.6424999999999996,
        0.09629999999999983,
        0.06689999999999996,
        0.027000000000000135,
        0.01715,
        0.006599999999999717,
        0.01004999999999967,
        0.044700000000000184,
        0.19855,
        2.1332,
        0.3264,
        0.16450000000000004,
        0.11980000000000002,
        0.08005000000000001,
        0.05460000000000001,
        0.04204999999999999,
        0.08485
    ],
    "stdProfits": 1530.2824478294458,
    "avgProfits": 2693.2402666666544,
    "avgBlendingInventory": [
        8.42885,
        8.2255,
        8.06705,
        7.9334,
        7.81705,
        7.71475,
        7.6182,
        7.53475,
        4.3508,
        3.6733,
        3.5452,
        3.45,
        3.398,
        3.3564,
        3.32665,
        3.2964,
        3.23065,
        3.017,
        0.8789,
        0.55005,
        0.38435,
        0.26295,
        0.1822,
        0.12705,
        0.08485
    ],
    "avgPurchasingInventory": [
        8.42885,
        8.2255,
        8.06705,
        7.9334,
        7.81705,
        7.71475,
        7.6182,
        4.39675,
        3.7083,
        3.577,
        3.4783,
        3.423,
        3.38085,
        3.3498,
        3.3166,
        3.2517,
        3.0321,
        0.8838,
        0.5525,
        0.38555,
        0.26455,
        0.1829,
        0.1276,
        0.085,
        0.0
    ],
    "serviceLevels": {
        "2": 16266.0,
        "1": 20000.0
    }
}
