{
    "avgPurchasing": 9.438,
    "avgSelling": [
        0.0,
        0.0,
        0.0,
        0.0,
        3.7097999999999995,
        0.2400000000000002,
        0.03860000000000019,
        0.008399999999999963,
        0.005749999999999922,
        0.22255000000000003,
        2.45185,
        0.49345000000000006,
        0.22644999999999998,
        0.12985000000000002,
        0.266
    ],
    "stdProfits": 656.7279599935661,
    "avgProfits": 3063.603166666643,
    "avgBlendingInventory": [
        8.95585,
        8.66315,
        8.44165,
        8.2608,
        8.1085,
        4.3281,
        4.03,
        3.939,
        3.88735,
        3.84275,
        3.58615,
        1.124,
        0.6262,
        0.39695,
        0.266
    ],
    "avgPurchasingInventory": [
        8.95585,
        8.66315,
        8.44165,
        8.2608,
        4.3987,
        4.0881,
        3.9914,
        3.9306,
        3.8816,
        3.6202,
        1.1343,
        0.63055,
        0.39975,
        0.2671,
        0.0
    ],
    "serviceLevels": {
        "2": 18963.5,
        "1": 20000.0
    }
}
