{
    "avgPurchasing": 8.49255,
    "avgSelling": [
        0.0,
        0.0,
        0.0,
        0.0,
        0.0,
        0.0,
        0.0,
        2.9953000000000003,
        0.7168999999999999,
        0.08480000000000043,
        0.10204999999999975,
        0.034900000000000375,
        0.0319499999999997,
        0.01664999999999983,
        0.020000000000000018,
        0.04434999999999967,
        0.16890000000000027,
        2.0063999999999997,
        0.29079999999999995,
        0.16035,
        0.1205,
        0.08355000000000001,
        0.05554999999999999,
        0.048000000000000015,
        0.09145
    ],
    "stdProfits": 1705.7438722949812,
    "avgProfits": 2621.510133333324,
    "avgBlendingInventory": [
        8.1979,
        8.01,
        7.8573,
        7.7261,
        7.6081,
        7.5069,
        7.4169,
        7.335,
        4.29815,
        3.5485,
        3.4358,
        3.30575,
        3.24435,
        3.19095,
        3.1534,
        3.1144,
        3.05155,
        2.8669,
        0.85685,
        0.56345,
        0.40105,
        0.27965,
        0.1956,
        0.13975,
        0.09145
    ],
    "avgPurchasingInventory": [
        8.1979,
        8.01,
        7.8573,
        7.7261,
        7.6081,
        7.5069,
        7.4169,
        4.3397,
        3.58125,
        3.4637,
        3.33375,
        3.27085,
        3.2124,
        3.1743,
        3.1334,
        3.07005,
        2.88265,
        0.8605,
        0.56605,
        0.4031,
        0.28055,
        0.1961,
        0.14005,
        0.09175,
        0.0
    ],
    "serviceLevels": {
        "2": 15362.0,
        "1": 20000.0
    }
}
