{
    "avgPurchasing": 9.3365,
    "avgSelling": [
        0.0,
        0.0,
        0.0,
        0.0,
        0.0,
        0.0,
        0.0,
        3.4128,
        0.46359999999999957,
        0.07260000000000044,
        0.0349999999999997,
        0.009400000000000297,
        0.005199999999999871,
        0.0007999999999999119,
        0.0016500000000001513,
        0.028999999999999915,
        0.19515000000000038,
        2.26325,
        0.40784999999999993,
        0.22265000000000001,
        0.16104999999999997,
        0.11834999999999996,
        0.08900000000000002,
        0.06575,
        0.1842
    ],
    "stdProfits": 915.1164435253285,
    "avgProfits": 3121.7333222221973,
    "avgBlendingInventory": [
        9.0112,
        8.7971,
        8.62975,
        8.48675,
        8.3578,
        8.2447,
        8.1461,
        8.05485,
        4.593,
        4.09105,
        3.985,
        3.91855,
        3.8804,
        3.8476,
        3.819,
        3.79385,
        3.74305,
        3.52935,
        1.2602,
        0.848,
        0.62205,
        0.4594,
        0.3401,
        0.2504,
        0.1842
    ],
    "avgPurchasingInventory": [
        9.0112,
        8.7971,
        8.62975,
        8.48675,
        8.3578,
        8.2447,
        8.1461,
        4.64205,
        4.1294,
        4.01845,
        3.95,
        3.90915,
        3.8752,
        3.8468,
        3.81735,
        3.76485,
        3.5479,
        1.2661,
        0.85235,
        0.62535,
        0.461,
        0.34105,
        0.2511,
        0.18465,
        0.0
    ],
    "serviceLevels": {
        "2": 18686.5,
        "1": 20000.0
    }
}
