{
    "avgPurchasing": 8.11515,
    "avgSelling": [
        0.0,
        0.0,
        0.0,
        0.0,
        0.0,
        0.0,
        0.0,
        2.96985,
        0.7018000000000004,
        0.11680000000000001,
        0.10044999999999993,
        0.04589999999999961,
        0.02839999999999998,
        0.0193500000000002,
        0.021749999999999936,
        0.043299999999999894,
        0.17165000000000008,
        1.933,
        0.2717,
        0.13520000000000001,
        0.08615,
        0.048000000000000015,
        0.03149999999999999,
        0.0204,
        0.0328
    ],
    "stdProfits": 1818.908547418643,
    "avgProfits": 2265.9873555555546,
    "avgBlendingInventory": [
        7.8295,
        7.6512,
        7.5058,
        7.3832,
        7.27235,
        7.1769,
        7.0877,
        7.01305,
        4.00515,
        3.27245,
        3.1271,
        3.00295,
        2.9352,
        2.8849,
        2.84605,
        2.8095,
        2.75025,
        2.56495,
        0.62885,
        0.35565,
        0.21955,
        0.1332,
        0.08485,
        0.05335,
        0.0328
    ],
    "avgPurchasingInventory": [
        7.8295,
        7.6512,
        7.5058,
        7.3832,
        7.27235,
        7.1769,
        7.0877,
        4.0432,
        3.30335,
        3.15565,
        3.02665,
        2.95705,
        2.9068,
        2.86555,
        2.8243,
        2.7662,
        2.5786,
        0.63195,
        0.35715,
        0.22045,
        0.1334,
        0.0852,
        0.05335,
        0.03295,
        0.0
    ],
    "serviceLevels": {
        "2": 13890.0,
        "1": 20000.0
    }
}
