{
    "avgPurchasing": 8.84015,
    "avgSelling": [
        0.0,
        0.0,
        0.0,
        0.0,
        3.3587000000000007,
        0.48099999999999987,
        0.09505000000000008,
        0.04249999999999998,
        0.042549999999999866,
        0.21700000000000008,
        2.2448,
        0.3772,
        0.18114999999999998,
        0.11165000000000003,
        0.1684
    ],
    "stdProfits": 1327.7700057370066,
    "avgProfits": 2676.436999999988,
    "avgBlendingInventory": [
        8.38775,
        8.1123,
        7.90185,
        7.73135,
        7.5955,
        4.1711,
        3.63605,
        3.4983,
        3.4173,
        3.34295,
        3.0968,
        0.84495,
        0.46375,
        0.28105,
        0.1684
    ],
    "avgPurchasingInventory": [
        8.38775,
        8.1123,
        7.90185,
        7.73135,
        4.2368,
        3.6901,
        3.541,
        3.4558,
        3.37475,
        3.12595,
        0.852,
        0.46775,
        0.2826,
        0.1694,
        0.0
    ],
    "serviceLevels": {
        "2": 16600.0,
        "1": 20000.0
    }
}
