{
    "avgPurchasing": 8.0313,
    "avgSelling": [
        0.0,
        0.0,
        0.0,
        0.0009500000000004505,
        2.9215,
        0.7352500000000002,
        0.1288499999999999,
        0.12109999999999976,
        0.08870000000000022,
        0.1748000000000003,
        1.8678000000000001,
        0.29030000000000006,
        0.1396,
        0.08854999999999999,
        0.1016
    ],
    "stdProfits": 1834.4603291457622,
    "avgProfits": 2209.009333333334,
    "avgBlendingInventory": [
        7.62195,
        7.373,
        7.1821,
        7.02805,
        6.89445,
        3.9095,
        3.1286,
        2.9629,
        2.81095,
        2.69295,
        2.49595,
        0.6235,
        0.33115,
        0.19065,
        0.1016
    ],
    "avgPurchasingInventory": [
        7.62195,
        7.373,
        7.1821,
        7.0271,
        3.97295,
        3.17425,
        2.99975,
        2.8418,
        2.72225,
        2.51815,
        0.62815,
        0.3332,
        0.19155,
        0.1021,
        0.0
    ],
    "serviceLevels": {
        "2": 13295.0,
        "1": 20000.0
    }
}
