{
    "avgPurchasing": 8.0217,
    "avgSelling": [
        0.0,
        0.0,
        0.0,
        0.0,
        0.0,
        0.0,
        0.00024999999999941735,
        2.8533999999999997,
        0.7850999999999999,
        0.09779999999999989,
        0.1278999999999999,
        0.043400000000000105,
        0.04325000000000001,
        0.02320000000000011,
        0.026349999999999874,
        0.04744999999999999,
        0.15969999999999995,
        1.8750999999999998,
        0.26080000000000003,
        0.12349999999999997,
        0.0857,
        0.053599999999999995,
        0.030550000000000008,
        0.020999999999999998,
        0.0328
    ],
    "stdProfits": 1885.317352475116,
    "avgProfits": 2257.2766222222217,
    "avgBlendingInventory": [
        7.74535,
        7.5631,
        7.42085,
        7.2936,
        7.1863,
        7.0874,
        7.0013,
        6.92575,
        4.03135,
        3.2163,
        3.0927,
        2.93975,
        2.8751,
        2.81095,
        2.76895,
        2.72575,
        2.66295,
        2.4898,
        0.6115,
        0.349,
        0.22475,
        0.1382,
        0.0845,
        0.0538,
        0.0328
    ],
    "avgPurchasingInventory": [
        7.74535,
        7.5631,
        7.42085,
        7.2936,
        7.1863,
        7.0874,
        7.00105,
        4.07235,
        3.24625,
        3.1185,
        2.9648,
        2.89635,
        2.83185,
        2.78775,
        2.7426,
        2.6783,
        2.50325,
        0.6147,
        0.3507,
        0.2255,
        0.13905,
        0.0846,
        0.05395,
        0.0328,
        0.0
    ],
    "serviceLevels": {
        "2": 13454.25,
        "1": 20000.0
    }
}
