{
    "avgPurchasing": 8.02285,
    "avgSelling": [
        0.0,
        0.0,
        0.0,
        0.0,
        0.0,
        0.0,
        9.999999999976694e-5,
        2.8402499999999993,
        0.7824999999999998,
        0.0987499999999999,
        0.1290499999999999,
        0.04600000000000026,
        0.04579999999999984,
        0.022399999999999753,
        0.031150000000000233,
        0.05160000000000009,
        0.15755000000000008,
        1.8321500000000002,
        0.25905,
        0.12905,
        0.09554999999999997,
        0.0547,
        0.03615,
        0.027250000000000003,
        0.039
    ],
    "stdProfits": 1916.7017505587603,
    "avgProfits": 2278.7432999999996,
    "avgBlendingInventory": [
        7.7442,
        7.561,
        7.41885,
        7.29175,
        7.1787,
        7.08255,
        6.9977,
        6.9159,
        4.03295,
        3.22165,
        3.0966,
        2.94375,
        2.876,
        2.8095,
        2.7667,
        2.7188,
        2.65265,
        2.47975,
        0.64415,
        0.38375,
        0.25375,
        0.1578,
        0.10255,
        0.06635,
        0.039
    ],
    "avgPurchasingInventory": [
        7.7442,
        7.561,
        7.41885,
        7.29175,
        7.1787,
        7.08255,
        6.9976,
        4.07565,
        3.25045,
        3.1229,
        2.96755,
        2.89775,
        2.8302,
        2.7871,
        2.73555,
        2.6672,
        2.4951,
        0.6476,
        0.3851,
        0.2547,
        0.1582,
        0.1031,
        0.0664,
        0.0391,
        0.0
    ],
    "serviceLevels": {
        "2": 13390.25,
        "1": 20000.0
    }
}
