{
    "avgPurchasing": 9.2852,
    "avgSelling": [
        0.0,
        0.0,
        0.0,
        0.0,
        3.5189500000000002,
        0.3694499999999996,
        0.08069999999999977,
        0.019849999999999923,
        0.01880000000000015,
        0.24004999999999965,
        2.33735,
        0.4403499999999999,
        0.23470000000000002,
        0.14690000000000003,
        0.2558
    ],
    "stdProfits": 945.3622183175031,
    "avgProfits": 2943.4413333333086,
    "avgBlendingInventory": [
        8.8074,
        8.51955,
        8.29895,
        8.1155,
        7.9648,
        4.37275,
        3.948,
        3.8209,
        3.75925,
        3.7053,
        3.43275,
        1.08645,
        0.64115,
        0.40405,
        0.2558
    ],
    "avgPurchasingInventory": [
        8.8074,
        8.51955,
        8.29895,
        8.1155,
        4.44585,
        4.0033,
        3.8673,
        3.80105,
        3.74045,
        3.46525,
        1.0954,
        0.6461,
        0.40645,
        0.25715,
        0.0
    ],
    "serviceLevels": {
        "2": 18314.5,
        "1": 20000.0
    }
}
