{
    "avgPurchasing": 9.4727,
    "avgSelling": [
        0.0,
        0.0,
        0.0,
        0.0,
        3.7922000000000002,
        0.17680000000000007,
        0.026199999999999335,
        0.0032000000000000917,
        0.0030000000000001137,
        0.2260500000000003,
        2.4688499999999998,
        0.512,
        0.22445000000000004,
        0.12379999999999997,
        0.2704
    ],
    "stdProfits": 590.0756943504275,
    "avgProfits": 3066.327611111088,
    "avgBlendingInventory": [
        8.99195,
        8.6942,
        8.4739,
        8.2904,
        8.1386,
        4.2741,
        4.04205,
        3.96575,
        3.9174,
        3.8759,
        3.61625,
        1.13815,
        0.6225,
        0.3953,
        0.2704
    ],
    "avgPurchasingInventory": [
        8.99195,
        8.6942,
        8.4739,
        8.2904,
        4.3464,
        4.0973,
        4.01585,
        3.96255,
        3.9144,
        3.64985,
        1.1474,
        0.62615,
        0.39805,
        0.2715,
        0.0
    ],
    "serviceLevels": {
        "2": 19134.75,
        "1": 20000.0
    }
}
