{
    "avgPurchasing": 8.111,
    "avgSelling": [
        0.0,
        0.0,
        0.0,
        0.0003500000000000725,
        3.0407,
        0.6635,
        0.13375000000000004,
        0.09450000000000003,
        0.07195000000000018,
        0.17694999999999972,
        1.9777500000000003,
        0.28474999999999995,
        0.13205000000000003,
        0.07694999999999999,
        0.0853
    ],
    "stdProfits": 1748.7513101919278,
    "avgProfits": 2190.486666666666,
    "avgBlendingInventory": [
        7.7005,
        7.45225,
        7.25895,
        7.10485,
        6.97355,
        3.87115,
        3.1633,
        2.9901,
        2.86355,
        2.76375,
        2.5649,
        0.58305,
        0.29615,
        0.16285,
        0.0853
    ],
    "avgPurchasingInventory": [
        7.7005,
        7.45225,
        7.25895,
        7.1045,
        3.93285,
        3.20765,
        3.02955,
        2.8956,
        2.7916,
        2.5868,
        0.58715,
        0.2983,
        0.1641,
        0.0859,
        0.0
    ],
    "serviceLevels": {
        "2": 13692.5,
        "1": 20000.0
    }
}
