{
    "scaling_approx": {
        "blendingInv": [
            8.636219291705544,
            8.420945063301994,
            8.248959669969029,
            8.104573947401573,
            7.980230453857387,
            7.798209116716592,
            7.3508166861820134,
            6.837691798181808,
            6.361229992636857,
            5.9558133874195285,
            5.612571598518706,
            5.299912587047027,
            4.979966183345914,
            4.621027349836506,
            4.2060520623593245,
            3.7372369336065274,
            3.2366995516678854,
            2.7432672153135607,
            2.3053756606498026,
            1.9700754487690193,
            1.768141240482621,
            1.6952777651502187,
            1.689415582041706,
            1.6040895150526266,
            1.1778927592958155
        ],
        "Sales": [
            0.0,
            0.0,
            0.0,
            0.0,
            0.07421087964630146,
            0.35632340960009046,
            0.43665261075360806,
            0.41187077558156737,
            0.3502595789101832,
            0.2956539887035774,
            0.2713861768510455,
            0.2842294299536263,
            0.3283420601112397,
            0.3892113157091536,
            0.44759729220506017,
            0.48347684291604764,
            0.47998748980515415,
            0.4273713342684573,
            0.3269189679217419,
            0.19491338338734465,
            0.06657388508141082,
            0.0,
            0.08011538850095848,
            0.4226117551239287,
            1.1778927592958155
        ],
        "salesDiv": {
            "2": [
                0.44759729220506017,
                0.48347684291604764,
                0.47998748980515415,
                0.35882996675255774,
                0.2880012369317215,
                0.19491338338734465,
                0.06657388508141082,
                0.0,
                0.08011538850095848,
                0.4226117551239287,
                1.1778927592958155
            ],
            "1": [
                0.07421087964630146,
                0.35632340960009046,
                0.43665261075360806,
                0.41187077558156737,
                0.3502595789101832,
                0.2956539887035774,
                0.2713861768510455,
                0.2842294299536263,
                0.3283420601112397,
                0.3892113157091536,
                0.0,
                0.0,
                0.0,
                0.06854136751589954,
                0.038917730990020355,
                0.0,
                0.0,
                0.0,
                0.0,
                0.0,
                0.0
            ]
        },
        "purchasingInv": [
            8.975435640706579,
            8.636219291705544,
            8.420945063301994,
            8.248959669969029,
            8.104573947401573,
            7.9060195742110855,
            7.4418857071165005,
            6.914164075428405,
            6.425821022600241,
            6.010970413726674,
            5.660159398715951,
            5.341185421667661,
            5.015683157093401,
            4.651624123234675,
            4.231816034127353,
            3.7584547701542643,
            3.25376009069048,
            2.756712061862731,
            2.3158958810451034,
            1.9784566927280607,
            1.7751620653816744,
            1.70156735540121,
            1.6952777651502187,
            1.6093001935407476,
            1.181477759928697
        ],
        "serviceLevel": [
            0.8263998310815783,
            0.9999999999999998
        ],
        "Outdating": 0.0,
        "Purchasing": [
            11.980431317377393,
            11.887676660768813,
            11.50950608023346,
            10.70081135731738,
            9.4708899128269,
            7.851783100592887,
            6.188266315361156,
            4.666569975369422,
            3.248401964770916
        ]
    },
    "ub_large": {
        "blendingInv": [
            9.387115580201419,
            9.153123830431515,
            8.966184764760325,
            8.809245087791568,
            7.098638074289068,
            7.001837476821118,
            6.916153483697341,
            6.839659203128428,
            6.7709083569758794,
            6.708778094362018,
            6.652374030618764,
            6.600969274647083,
            6.553963385537619,
            6.510853682935995,
            4.085826149277741,
            2.074050906256644,
            2.063175972200418,
            2.053113592188402,
            2.043787090222924,
            2.035129090143135,
            2.027080087030964,
            2.019587287458324,
            2.0126036587420844,
            2.0060871426614844,
            2.0
        ],
        "Sales": [
            0.0,
            0.0,
            0.0,
            1.6000000000000003,
            0.0,
            0.0,
            0.0,
            0.0,
            0.0,
            0.0,
            0.0,
            0.0,
            0.0,
            2.4,
            2.0,
            0.0,
            0.0,
            0.0,
            0.0,
            0.0,
            0.0,
            0.0,
            0.0,
            0.0,
            2.0
        ],
        "salesDiv": {
            "2": [
                0.0,
                0.0,
                0.0,
                0.0,
                2.0,
                0.0,
                0.0,
                0.0,
                0.0,
                0.0,
                0.0,
                0.0,
                0.0,
                0.0,
                2.0
            ],
            "1": [
                0.0,
                0.0,
                0.0,
                1.6000000000000003,
                0.0,
                0.0,
                0.0,
                0.0,
                0.0,
                0.0,
                0.0,
                0.0,
                0.0,
                2.4,
                0.0,
                0.0,
                0.0,
                0.0,
                0.0,
                0.0,
                0.0,
                0.0,
                0.0,
                0.0,
                0.0
            ]
        },
        "purchasingInv": [
            9.755825888174366,
            9.387115580201419,
            9.153123830431515,
            8.966184764760325,
            7.209245087791568,
            7.098638074289068,
            7.001837476821118,
            6.916153483697341,
            6.839659203128428,
            6.7709083569758794,
            6.708778094362018,
            6.652374030618764,
            6.600969274647083,
            6.553963385537619,
            4.1108536829359945,
            2.0858261492777417,
            2.074050906256644,
            2.063175972200418,
            2.053113592188402,
            2.043787090222924,
            2.035129090143135,
            2.027080087030964,
            2.019587287458324,
            2.0126036587420844,
            2.0060871426614844
        ],
        "ub": 3047.4701807549254,
        "Purchasing": [
            12.0,
            12.0,
            12.0,
            12.0,
            12.0,
            12.0,
            3.347923363971976,
            0.0,
            0.0
        ]
    },
    "ub_base": {
        "blendingInv": [
            8.913580923895639,
            8.551199606657253,
            6.25264714231102,
            6.063175972200417,
            2.019587287458324,
            2.0
        ],
        "Sales": [
            0.0,
            2.0,
            0.0,
            4.0,
            0.0,
            2.0
        ],
        "salesDiv": {
            "2": [
                2.0,
                0.0,
                2.0
            ],
            "1": [
                2.0,
                0.0,
                2.0,
                0.0,
                0.0
            ]
        },