{
    "PuPrAp": 3075.6270321477205,
    "PrAp": 3087.623165358913,
    "BAp": 2385.4177444478555,
    "MDP": 3110.8539506196394,
    "TAp": 1676.4238912474102,
    "PuAp": 3102.352760374306,
    "SAp": 3091.065722716805,
    "PuSAp": 3051.1337568614545
}
