{
    "PuPrAp": 3110.938308669225,
    "PrAp": 3119.7444361996822,
    "BAp": 2463.7632703108393,
    "MDP": 3134.0190851412335,
    "TAp": 1590.9797842288972,
    "PuAp": 3127.761564794215,
    "SAp": 3096.591885855214,
    "PuSAp": 2965.7749142955436
}
