{
    "PuPrAp": 2995.3026704771764,
    "PrAp": 3004.974242917233,
    "BAp": 2261.4939375073227,
    "MDP": 3046.712659188739,
    "TAp": 1764.5811994596588,
    "PuAp": 3041.7287987283125,
    "SAp": 3043.233071120165,
    "PuSAp": 3037.573105914431
}
