{
    "PuPrAp": 2951.9473855919205,
    "PrAp": 2965.5259493703197,
    "BAp": 2082.637638371405,
    "MDP": 3015.1464584506757,
    "TAp": 1727.2293050959997,
    "PuAp": 3008.4687489989738,
    "SAp": 3014.449824520394,
    "PuSAp": 3007.869395542657
}
