{
    "PuPrAp": 3014.6557385455562,
    "PrAp": 3019.978808878048,
    "BAp": 2376.3734219362887,
    "MDP": 3051.516450392497,
    "TAp": 1820.6053849696327,
    "PuAp": 3048.9789862322577,
    "SAp": 3043.938654139951,
    "PuSAp": 3036.818475126136
}
