{
    "PuPrAp": 3073.483782848576,
    "PrAp": 3085.505185269394,
    "BAp": 2382.656449305927,
    "MDP": 3108.69191193,
    "TAp": 1674.8550923192306,
    "PuAp": 3100.184601461762,
    "SAp": 3088.7345884716706,
    "PuSAp": 3048.570652472641
}
