{
    "PuPrAp": 3017.1301781546936,
    "PrAp": 3022.228583676526,
    "BAp": 2379.2210399879223,
    "MDP": 3053.757696949262,
    "TAp": 1786.025599656452,
    "PuAp": 3051.238807695019,
    "SAp": 3046.2715407944925,
    "PuSAp": 3039.527926057577
}
