{
    "PuPrAp": 2958.9398413558665,
    "PrAp": 2974.245462520419,
    "BAp": 2087.210735774399,
    "MDP": 3024.531540746233,
    "TAp": 1700.471715575084,
    "PuAp": 3018.0400419609214,
    "SAp": 3023.7177358993285,
    "PuSAp": 3017.271513837615
}
