{
    "PuPrAp": 3155.649362778735,
    "PrAp": 3168.3714600622334,
    "BAp": 2466.862806602214,
    "MDP": 3182.323336247875,
    "TAp": 1564.60716198726,
    "PuAp": 3172.6777084300775,
    "SAp": 3132.4583443159827,
    "PuSAp": 2987.594040140917
}
