{
    "PuPrAp": 3133.5452772346543,
    "PrAp": 3142.66448177689,
    "BAp": 2465.0821798733014,
    "MDP": 3156.79989850719,
    "TAp": 1572.942505641433,
    "PuAp": 3149.9270870253604,
    "SAp": 3113.234719377786,
    "PuSAp": 2991.499895713583
}
