{
    "PuPrAp": 3033.309022258625,
    "PrAp": 3041.8668227557355,
    "BAp": 2380.750252549602,
    "MDP": 3069.8595750703025,
    "TAp": 1741.4390981123724,
    "PuAp": 3065.879739966469,
    "SAp": 3058.792213704506,
    "PuSAp": 3047.7894475375833
}
