{
    "PuPrAp": 2961.5176830756536,
    "PrAp": 2976.964310290772,
    "BAp": 2090.0630771460346,
    "MDP": 3027.1638461147013,
    "TAp": 1702.291469434189,
    "PuAp": 3020.7443151291955,
    "SAp": 3026.3578479525386,
    "PuSAp": 3019.990754849947
}
