{
    "PuPrAp": 3157.5668089104875,
    "PrAp": 3170.2454564552463,
    "BAp": 2469.672235512826,
    "MDP": 3184.214709775966,
    "TAp": 1566.1084453834046,
    "PuAp": 3174.583430208055,
    "SAp": 3134.634347748186,
    "PuSAp": 2990.42165231306
}
