{
    "PuPrAp": 3112.8180463214667,
    "PrAp": 3121.6078152219307,
    "BAp": 2466.616822582346,
    "MDP": 3135.9040277687964,
    "TAp": 1593.4069837333227,
    "PuAp": 3129.645161942608,
    "SAp": 3098.760248309005,
    "PuSAp": 2968.5784605650697
}
