{
    "PuPrAp": 2983.8152241698845,
    "PrAp": 2991.8895713761303,
    "BAp": 2258.0324614016354,
    "MDP": 3034.2486356142144,
    "TAp": 1751.8760250552004,
    "PuAp": 3030.025801363772,
    "SAp": 3031.6315297512956,
    "PuSAp": 3026.4761128012833
}
