{
    "PuPrAp": 2968.207472676928,
    "PrAp": 2984.9822699967117,
    "BAp": 2092.7883695753007,
    "MDP": 3035.5255626725557,
    "TAp": 1690.0506002320762,
    "PuAp": 3029.0883586976415,
    "SAp": 3034.574977774755,
    "PuSAp": 3028.14742171784
}
