{
    "PuPrAp": 2981.3205824615143,
    "PrAp": 2989.4029688316587,
    "BAp": 2255.271612387958,
    "MDP": 3031.770344359753,
    "TAp": 1815.649309258195,
    "PuAp": 3027.3391204294167,
    "SAp": 3029.1164468882635,
    "PuSAp": 3024.419790652988
}
