{
    "PuPrAp": 2949.689324138584,
    "PrAp": 2961.2233450209387,
    "BAp": 2081.8274192691097,
    "MDP": 3010.093985041938,
    "TAp": 1753.7850912246213,
    "PuAp": 3003.6335723340962,
    "SAp": 3009.4821983169204,
    "PuSAp": 3003.0873100572353
}
