{
    "PuPrAp": 3006.7215297738876,
    "PrAp": 3018.26305900039,
    "BAp": 2262.8689006342356,
    "MDP": 3058.977538951989,
    "TAp": 1801.7267337729718,
    "PuAp": 3052.7485098535035,
    "SAp": 3054.340521527258,
    "PuSAp": 3046.7571017254377
}
