{
    "PuPrAp": 2971.598807392147,
    "PrAp": 2979.1591764927653,
    "BAp": 2252.4378934890265,
    "MDP": 3021.6109783420543,
    "TAp": 1787.9989718167926,
    "PuAp": 3018.4368404109046,
    "SAp": 3019.623135141308,
    "PuSAp": 3015.7422194985556
}
