{
    "PuPrAp": 2973.9351643356567,
    "PrAp": 2981.6544744387647,
    "BAp": 2255.210690896256,
    "MDP": 3024.0891507760607,
    "TAp": 1858.6425242134428,
    "PuAp": 3020.882569380745,
    "SAp": 3022.132970370436,
    "PuSAp": 3018.2565035977677
}
