{
    "PuPrAp": 2954.531546286984,
    "PrAp": 2968.2432691534923,
    "BAp": 2085.4872517455515,
    "MDP": 3017.7596684927557,
    "TAp": 1727.2090905590449,
    "PuAp": 3011.138629918598,
    "SAp": 3017.069465175162,
    "PuSAp": 3010.5518917232257
}
