{
    "PuPrAp": 3094.148801325049,
    "PrAp": 3101.117775559178,
    "BAp": 2465.7511516464438,
    "MDP": 3116.1191439780923,
    "TAp": 1566.6876016559836,
    "PuAp": 3113.0643361465773,
    "SAp": 3084.620135277997,
    "PuSAp": 3001.20967651916
}
