{
    "PuPrAp": 2947.0816927425985,
    "PrAp": 2958.500336309793,
    "BAp": 2078.9780306790417,
    "MDP": 3007.4917894376995,
    "TAp": 1748.4145265845582,
    "PuAp": 3000.9218210824765,
    "SAp": 3006.87112803122,
    "PuSAp": 3000.397111538572
}
