{
    "PuPrAp": 3009.078828390804,
    "PrAp": 3020.7304376493485,
    "BAp": 2265.596693737665,
    "MDP": 3061.4464377926997,
    "TAp": 1823.6987492496846,
    "PuAp": 3055.2252432573587,
    "SAp": 3056.8485447102357,
    "PuSAp": 3049.2947383093488
}
