{
    "PuPrAp": 3135.4480040512353,
    "PrAp": 3144.535269898297,
    "BAp": 2467.9113024069484,
    "MDP": 3158.684530579929,
    "TAp": 1569.6745202013553,
    "PuAp": 3151.8367640582874,
    "SAp": 3115.414994239334,
    "PuSAp": 2993.616567992438
}
