{
    "PuPrAp": 2970.737354535231,
    "PrAp": 2987.7145283722493,
    "BAp": 2095.6401411274674,
    "MDP": 3038.177521524005,
    "TAp": 1691.8063194268907,
    "PuAp": 3031.7450765498434,
    "SAp": 3037.2354514883846,
    "PuSAp": 3030.818661626319
}
