{
    "PuPrAp": 2992.9075656631103,
    "PrAp": 3002.4973820107116,
    "BAp": 2258.747175667886,
    "MDP": 3044.237150000339,
    "TAp": 1762.9921116573387,
    "PuAp": 3039.267745967976,
    "SAp": 3040.730404639129,
    "PuSAp": 3035.057321641012
}
