{
    "PuPrAp": 3053.3286840166256,
    "PrAp": 3063.3395408865617,
    "BAp": 2382.8160175615994,
    "MDP": 3088.8605576938207,
    "TAp": 1697.5514728911949,
    "PuAp": 3083.5282415878755,
    "SAp": 3073.734937295012,
    "PuSAp": 3052.545895015035
}
