{
    "PuPrAp": 3092.361823358049,
    "PrAp": 3099.2557287507516,
    "BAp": 2462.875734993406,
    "MDP": 3114.2290168711334,
    "TAp": 1552.7602352070535,
    "PuAp": 3111.0590702816917,
    "SAp": 3082.461265272592,
    "PuSAp": 2998.623168394952
}
