{
    "PuPrAp": 3051.167567230681,
    "PrAp": 3061.1926162835734,
    "BAp": 2380.029179555124,
    "MDP": 3086.670423357369,
    "TAp": 1712.2141814396746,
    "PuAp": 3081.225601552651,
    "SAp": 3071.409023312586,
    "PuSAp": 3050.0821974981445
}
