{
    "PuPrAp": 3031.12496586809,
    "PrAp": 3039.667605426752,
    "BAp": 2377.936563267089,
    "MDP": 3067.6435169671167,
    "TAp": 1727.5627939738042,
    "PuAp": 3063.6610312400153,
    "SAp": 3056.4641383811577,
    "PuSAp": 3045.3885658012405
}
