{
    "treeWeights": {
        "bd21": true,
        "bd22": false,
        "pu": true,
        "bd13": false,
        "bd23": false,
        "bd12": false,
        "bd24": true,
        "bd11": false,
        "bf1": true,
        "bd14": false
    },
    "avgPurchasing": 7.2476,
    "avgSelling": [
        0.21325000000000038,
        0.1841499999999998,
        0.1711999999999998,
        0.1460000000000008,
        0.14514999999999922,
        0.023100000000000342,
        0.02689999999999948,
        0.14789999999999992,
        0.046800000000000175,
        0.06269999999999953,
        0.5185999999999993,
        0.31789999999999985,
        0.3423999999999996,
        0.3853500000000003,
        0.4160499999999998,
        0.31705000000000005,
        0.3033000000000001,
        0.2680500000000001,
        0.3551500000000001,
        0.43035,
        0.07844999999999991,
        0.07765,
        0.11930000000000007,
        0.0878000000000001,
        0.7929
    ],
    "treeDepths": {
        "bd21": 8,
        "bd22": 8,
        "pu": 7,
        "bd13": 7,
        "bd23": 8,
        "bd12": 7,
        "bd24": 7,
        "bd11": 7,
        "bf1": 8,
        "bd14": 8
    },
    "stdProfits": 413.22598567030326,
    "avgProfits": 3373.148322222247,
    "avgBlendingInventory": [
        6.99695,
        6.6242,
        6.3155,
        6.04175,
        5.80695,
        5.58305,
        5.4906,
        5.4025,
        5.2024,
        5.1083,
        5.0047,
        4.4491,
        4.1011,
        3.7328,
        3.32625,
        2.89245,
        2.56095,
        2.2471,
        1.96875,
        1.6072,
        1.1714,
        1.08835,
        1.00615,
        0.88365,
        0.7929
    ],
    "avgPurchasingInventory": [
        6.7837,
        6.44005,
        6.1443,
        5.89575,
        5.6618,
        5.55995,
        5.4637,
        5.2546,
        5.1556,
        5.0456,
        4.4861,
        4.1312,
        3.7587,
        3.34745,
        2.9102,
        2.5754,
        2.25765,
        1.97905,
        1.6136,
        1.17685,
        1.09295,
        1.0107,
        0.88685,
        0.79585,
        0.0
    ],
    "serviceLevels": {
        "2": 19995.75,
        "1": 9891.5
    }
}
