{
    "treeWeights": {
        "bd21": false,
        "bd22": true,
        "pu": false,
        "bd13": false,
        "bd23": false,
        "bd12": true,
        "bd24": true,
        "bd11": false,
        "bf1": true,
        "bd14": false
    },
    "avgPurchasing": 9.47665,
    "avgSelling": [
        0.5771000000000015,
        0.5675999999999997,
        0.29769999999999985,
        0.2616499999999995,
        0.2275999999999998,
        0.013849999999999696,
        0.01965000000000039,
        0.02444999999999986,
        0.05224999999999991,
        0.12880000000000003,
        0.5926499999999999,
        0.44425000000000026,
        0.5439499999999997,
        0.5999000000000003,
        0.76485,
        0.3163,
        0.3179500000000002,
        0.33755,
        0.2809999999999999,
        0.2518,
        0.008400000000000185,
        0.009050000000000002,
        0.18059999999999987,
        0.12285000000000013,
        0.9998
    ],
    "treeDepths": {
        "bd21": 8,
        "bd22": 6,
        "pu": 7,
        "bd13": 7,
        "bd23": 6,
        "bd12": 8,
        "bd24": 7,
        "bd11": 7,
        "bf1": 7,
        "bd14": 6
    },
    "stdProfits": 261.1865088680131,
    "avgProfits": 3270.053066666638,
    "avgBlendingInventory": [
        9.1475,
        8.3699,
        7.6521,
        7.2276,
        6.86135,
        6.54475,
        6.45415,
        6.36285,
        6.27585,
        6.1644,
        5.9859,
        5.34985,
        4.86945,
        4.29555,
        3.6714,
        2.8904,
        2.55975,
        2.2307,
        1.88425,
        1.59535,
        1.3378,
        1.32405,
        1.3107,
        1.12585,
        0.9998
    ],
    "avgPurchasingInventory": [
        8.5704,
        7.8023,
        7.3544,
        6.96595,
        6.63375,
        6.5309,
        6.4345,
        6.3384,
        6.2236,
        6.0356,
        5.39325,
        4.9056,
        4.3255,
        3.69565,
        2.90655,
        2.5741,
        2.2418,
        1.89315,
        1.60325,
        1.34355,
        1.3294,
        1.315,
        1.1301,
        1.003,
        0.0
    ],
    "serviceLevels": {
        "2": 19984.0,
        "1": 19723.75
    }
}
