{
    "treeWeights": {
        "bd21": false,
        "bd22": false,
        "pu": false,
        "bd13": false,
        "bd23": true,
        "bd12": false,
        "bd24": false,
        "bd11": false,
        "bf1": true,
        "bd14": true
    },
    "avgPurchasing": 9.57025,
    "avgSelling": [
        0.32815000000000083,
        0.2724999999999991,
        0.1697500000000005,
        0.12659999999999982,
        0.10194999999999954,
        0.5372000000000003,
        0.2691000000000008,
        0.2871000000000006,
        0.3240499999999997,
        0.5844500000000004,
        0.42710000000000026,
        0.4397500000000001,
        0.44635000000000025,
        0.43679999999999986,
        0.4025000000000003,
        0.2581500000000001,
        0.2721,
        0.24009999999999998,
        0.23509999999999986,
        0.3213999999999999,
        0.2229000000000001,
        0.23199999999999998,
        0.0966499999999999,
        0.04310000000000003,
        0.9152
    ],
    "treeDepths": {
        "bd21": 8,
        "bd22": 7,
        "pu": 8,
        "bd13": 7,
        "bd23": 6,
        "bd12": 7,
        "bd24": 8,
        "bd11": 7,
        "bf1": 7,
        "bd14": 8
    },
    "stdProfits": 225.19217033547585,
    "avgProfits": 3221.7601333333046,
    "avgBlendingInventory": [
        9.2367,
        8.70505,
        8.26955,
        7.96535,
        7.725,
        7.5232,
        6.90035,
        6.5536,
        6.2024,
        5.8212,
        5.1942,
        4.73025,
        4.2601,
        3.787,
        3.33015,
        2.9093,
        2.63495,
        2.34965,
        2.09915,
        1.8554,
        1.52675,
        1.29795,
        1.06205,
        0.9612,
        0.9152
    ],
    "avgPurchasingInventory": [
        8.90855,
        8.43255,
        8.0998,
        7.83875,
        7.62305,
        6.986,
        6.63125,
        6.2665,
        5.87835,
        5.23675,
        4.7671,
        4.2905,
        3.81375,
        3.3502,
        2.92765,
        2.65115,
        2.36285,
        2.10955,
        1.86405,
        1.534,
        1.30385,
        1.06595,
        0.9654,
        0.9181,
        0.0
    ],
    "serviceLevels": {
        "2": 19977.75,
        "1": 19972.5
    }
}
