{
    "treeWeights": {
        "bd21": true,
        "bd22": false,
        "pu": false,
        "bd13": true,
        "bd23": true,
        "bd12": true,
        "bd24": false,
        "bd11": false,
        "bf1": true,
        "bd14": true
    },
    "avgPurchasing": 8.7931,
    "avgSelling": [
        0.3678500000000007,
        0.3815999999999997,
        0.3106,
        0.25539999999999985,
        0.19364999999999988,
        0.042899999999999494,
        0.04610000000000003,
        0.07319999999999993,
        0.12910000000000021,
        0.23015000000000008,
        0.7399000000000004,
        0.5582500000000001,
        0.5895999999999999,
        0.5879500000000002,
        0.6322999999999999,
        0.12230000000000008,
        0.05315000000000003,
        0.014450000000000074,
        0.006049999999999667,
        0.0043000000000001926,
        0.3383499999999997,
        0.30735,
        0.30380000000000007,
        0.3338,
        0.71445
    ],
    "treeDepths": {
        "bd21": 6,
        "bd22": 8,
        "pu": 8,
        "bd13": 8,
        "bd23": 6,
        "bd12": 8,
        "bd24": 7,
        "bd11": 8,
        "bf1": 8,
        "bd14": 6
    },
    "stdProfits": 313.6133135873781,
    "avgProfits": 3237.3126333333284,
    "avgBlendingInventory": [
        8.4859,
        7.9293,
        7.4057,
        6.9755,
        6.61985,
        6.33845,
        6.22015,
        6.10325,
        5.97145,
        5.7868,
        5.5067,
        4.72815,
        4.1392,
        3.5238,
        2.91625,
        2.26955,
        2.13515,
        2.07065,
        2.0456,
        2.0303,
        2.01705,
        1.67205,
        1.3589,
        1.05115,
        0.71445
    ],
    "avgPurchasingInventory": [
        8.11805,
        7.5477,
        7.0951,
        6.7201,
        6.4262,
        6.29555,
        6.17405,
        6.03005,
        5.84235,
        5.55665,
        4.7668,
        4.1699,
        3.5496,
        2.93585,
        2.28395,
        2.14725,
        2.082,
        2.0562,
        2.03955,
        2.026,
        1.6787,
        1.3647,
        1.0551,
        0.71735,
        0.0
    ],
    "serviceLevels": {
        "2": 19999.0,
        "1": 16683.75
    }
}
