{
    "treeWeights": {
        "bd21": true,
        "bd22": false,
        "pu": true,
        "bd13": false,
        "bd23": true,
        "bd12": false,
        "bd24": true,
        "bd11": false,
        "bf1": false,
        "bd14": true
    },
    "avgPurchasing": 9.5756,
    "avgSelling": [
        0.2743000000000002,
        0.26785000000000103,
        0.18135000000000012,
        0.12824999999999953,
        0.11619999999999919,
        0.5047499999999996,
        0.27530000000000054,
        0.3310499999999994,
        0.40520000000000067,
        0.5928500000000003,
        1.0890499999999994,
        0.37270000000000003,
        0.33789999999999987,
        0.29479999999999995,
        0.2993000000000001,
        0.18325000000000014,
        0.13445000000000018,
        0.08920000000000039,
        0.12670000000000003,
        0.1429499999999999,
        0.04214999999999991,
        0.09139999999999993,
        0.13175000000000003,
        0.12675000000000014,
        1.4562
    ],
    "treeDepths": {
        "bd21": 7,
        "bd22": 7,
        "pu": 8,
        "bd13": 6,
        "bd23": 6,
        "bd12": 6,
        "bd24": 6,
        "bd11": 6,
        "bf1": 7,
        "bd14": 6
    },
    "stdProfits": 233.05115777502448,
    "avgProfits": 3258.875533333304,
    "avgBlendingInventory": [
        9.24445,
        8.7597,
        8.33,
        8.0141,
        7.77,
        7.55305,
        6.96365,
        6.61145,
        6.21555,
        5.75415,
        5.11675,
        3.99625,
        3.59555,
        3.2346,
        2.9213,
        2.6056,
        2.4102,
        2.2625,
        2.1618,
        2.0252,
        1.87415,
        1.8245,
        1.7255,
        1.588,
        1.4562
    ],
    "avgPurchasingInventory": [
        8.97015,
        8.49185,
        8.14865,
        7.88585,
        7.6538,
        7.0483,
        6.68835,
        6.2804,
        5.81035,
        5.1613,
        4.0277,
        3.62355,
        3.25765,
        2.9398,
        2.622,
        2.42235,
        2.27575,
        2.1733,
        2.0351,
        1.88225,
        1.832,
        1.7331,
        1.59375,
        1.46125,
        0.0
    ],
    "serviceLevels": {
        "2": 19997.0,
        "1": 19981.25
    }
}
