{
    "treeWeights": {
        "bd21": true,
        "bd22": false,
        "pu": false,
        "bd13": false,
        "bd23": false,
        "bd12": true,
        "bd24": true,
        "bd11": false,
        "bf1": true,
        "bd14": true
    },
    "avgPurchasing": 8.45325,
    "avgSelling": [
        0.2062999999999997,
        0.24134999999999973,
        0.20235000000000003,
        0.23085000000000022,
        0.23085000000000022,
        0.11294999999999966,
        0.15775000000000006,
        0.1867000000000001,
        0.23110000000000053,
        0.35824999999999996,
        0.7629999999999999,
        0.28219999999999956,
        0.3182999999999998,
        0.37660000000000027,
        0.42154999999999987,
        0.2944499999999999,
        0.3273999999999999,
        0.33230000000000026,
        0.24730000000000008,
        0.19609999999999994,
        0.05174999999999996,
        0.04600000000000004,
        0.05710000000000015,
        0.06459999999999999,
        1.0763
    ],
    "treeDepths": {
        "bd21": 8,
        "bd22": 6,
        "pu": 6,
        "bd13": 8,
        "bd23": 8,
        "bd12": 8,
        "bd24": 8,
        "bd11": 8,
        "bf1": 8,
        "bd14": 7
    },
    "stdProfits": 429.5731845799929,
    "avgProfits": 3273.226399999999,
    "avgBlendingInventory": [
        8.15805,
        7.76195,
        7.3697,
        7.0462,
        6.71495,
        6.3971,
        6.2083,
        5.9816,
        5.73815,
        5.4543,
        5.05,
        4.25095,
        3.9389,
        3.59715,
        3.1978,
        2.75835,
        2.4507,
        2.11215,
        1.77075,
        1.5164,
        1.31415,
        1.25715,
        1.20605,
        1.14475,
        1.0763
    ],
    "avgPurchasingInventory": [
        7.95175,
        7.5206,
        7.16735,
        6.81535,
        6.4841,
        6.28415,
        6.05055,
        5.7949,
        5.50705,
        5.09605,
        4.287,
        3.96875,
        3.6206,
        3.22055,
        2.77625,
        2.4639,
        2.1233,
        1.77985,
        1.52345,
        1.3203,
        1.2624,
        1.21115,
        1.14895,
        1.08015,
        0.0
    ],
    "serviceLevels": {
        "2": 19968.75,
        "1": 15098.25
    }
}
