{
    "treeWeights": {
        "bd21": true,
        "bd22": false,
        "pu": true,
        "bd13": false,
        "bd23": false,
        "bd12": true,
        "bd24": true,
        "bd11": false,
        "bf1": true,
        "bd14": false
    },
    "avgPurchasing": 8.3847,
    "avgSelling": [
        0.2679499999999999,
        0.24885000000000002,
        0.20284999999999975,
        0.16420000000000012,
        0.14004999999999956,
        0.18079999999999963,
        0.15815,
        0.18569999999999975,
        0.20059999999999967,
        0.24209999999999976,
        0.57355,
        0.27224999999999966,
        0.36209999999999987,
        0.4155000000000002,
        0.44404999999999983,
        0.4119999999999999,
        0.4218000000000002,
        0.39274999999999993,
        0.35055000000000014,
        0.31730000000000014,
        0.0039000000000000146,
        0.007249999999999979,
        0.018850000000000033,
        0.019650000000000056,
        0.9547
    ],
    "treeDepths": {
        "bd21": 7,
        "bd22": 8,
        "pu": 8,
        "bd13": 6,
        "bd23": 6,
        "bd12": 8,
        "bd24": 8,
        "bd11": 6,
        "bf1": 7,
        "bd14": 7
    },
    "stdProfits": 401.3682996607671,
    "avgProfits": 3305.1937000000016,
    "avgBlendingInventory": [
        8.0946,
        7.63775,
        7.2425,
        6.91905,
        6.6549,
        6.4268,
        6.16915,
        5.9448,
        5.70175,
        5.44715,
        5.16335,
        4.5522,
        4.249,
        3.8603,
        3.42075,
        2.95955,
        2.53365,
        2.10045,
        1.69795,
        1.34125,
        1.0189,
        1.0107,
        0.99995,
        0.9778,
        0.9547
    ],
    "avgPurchasingInventory": [
        7.82665,
        7.3889,
        7.03965,
        6.75485,
        6.51485,
        6.246,
        6.011,
        5.7591,
        5.50115,
        5.20505,
        4.5898,
        4.27995,
        3.8869,
        3.4448,
        2.9767,
        2.54755,
        2.11185,
        1.7077,
        1.3474,
        1.02395,
        1.015,
        1.00345,
        0.9811,
        0.95815,
        0.0
    ],
    "serviceLevels": {
        "2": 19996.75,
        "1": 14790.5
    }
}
