{
    "treeWeights": {
        "bd21": false,
        "bd22": true,
        "pu": true,
        "bd13": false,
        "bd23": false,
        "bd12": true,
        "bd24": false,
        "bd11": false,
        "bf1": false,
        "bd14": true
    },
    "avgPurchasing": 7.10585,
    "avgSelling": [
        0.20310000000000006,
        0.17015000000000047,
        0.1498500000000007,
        0.1343500000000004,
        0.12399999999999967,
        0.03915000000000024,
        0.03905000000000047,
        0.15810000000000013,
        0.053000000000000824,
        0.0677500000000002,
        0.8375500000000002,
        0.25805000000000033,
        0.29875000000000007,
        0.34395,
        0.40759999999999996,
        0.2714500000000002,
        0.2873000000000001,
        0.2265999999999999,
        0.21960000000000002,
        0.16415000000000002,
        0.027300000000000102,
        0.032299999999999995,
        0.04305000000000003,
        0.11940000000000017,
        1.1729
    ],
    "treeDepths": {
        "bd21": 6,
        "bd22": 6,
        "pu": 8,
        "bd13": 8,
        "bd23": 8,
        "bd12": 8,
        "bd24": 8,
        "bd11": 8,
        "bf1": 7,
        "bd14": 6
    },
    "stdProfits": 363.346713318825,
    "avgProfits": 3266.4739111111276,
    "avgBlendingInventory": [
        6.86005,
        6.4949,
        6.20105,
        5.94955,
        5.731,
        5.5292,
        5.4241,
        5.32725,
        5.11645,
        5.01365,
        4.901,
        4.02995,
        3.74335,
        3.4208,
        3.05685,
        2.6322,
        2.34805,
        2.04825,
        1.8132,
        1.5855,
        1.4152,
        1.3816,
        1.34375,
        1.29665,
        1.1729
    ],
    "avgPurchasingInventory": [
        6.65695,
        6.32475,
        6.0512,
        5.8152,
        5.607,
        5.49005,
        5.38505,
        5.16915,
        5.06345,
        4.9459,
        4.06345,
        3.7719,
        3.4446,
        3.07685,
        2.64925,
        2.36075,
        2.06075,
        1.82165,
        1.5936,
        1.42135,
        1.3879,
        1.3493,
        1.3007,
        1.17725,
        0.0
    ],
    "serviceLevels": {
        "2": 20000.0,
        "1": 9242.25
    }
}
