{
    "treeWeights": {
        "bd21": false,
        "bd22": true,
        "pu": true,
        "bd13": true,
        "bd23": true,
        "bd12": false,
        "bd24": false,
        "bd11": false,
        "bf1": true,
        "bd14": true
    },
    "avgPurchasing": 8.6664,
    "avgSelling": [
        0.3418500000000009,
        0.4131,
        0.29135000000000044,
        0.23374999999999968,
        0.17515000000000036,
        0.03835000000000033,
        0.04055000000000053,
        0.06919999999999948,
        0.12265000000000015,
        0.19115000000000038,
        0.4745000000000008,
        0.36870000000000047,
        0.46415000000000006,
        0.4669500000000002,
        0.5534499999999998,
        0.4447000000000001,
        0.3677999999999999,
        0.4051,
        0.35839999999999983,
        0.2644500000000001,
        0.07234999999999991,
        0.0938500000000001,
        0.12665000000000004,
        0.15244999999999997,
        0.67
    ],
    "treeDepths": {
        "bd21": 8,
        "bd22": 7,
        "pu": 6,
        "bd13": 8,
        "bd23": 7,
        "bd12": 8,
        "bd24": 8,
        "bd11": 8,
        "bf1": 6,
        "bd14": 7
    },
    "stdProfits": 373.0283988262912,
    "avgProfits": 3242.972099999997,
    "avgBlendingInventory": [
        8.358,
        7.82485,
        7.26715,
        6.85685,
        6.5267,
        6.26485,
        6.15115,
        6.03895,
        5.90775,
        5.73135,
        5.49105,
        4.9767,
        4.57355,
        4.08215,
        3.5898,
        3.01755,
        2.5579,
        2.17815,
        1.7647,
        1.39925,
        1.13005,
        1.05245,
        0.95465,
        0.8256,
        0.67
    ],
    "avgPurchasingInventory": [
        8.01615,
        7.41175,
        6.9758,
        6.6231,
        6.35155,
        6.2265,
        6.1106,
        5.96975,
        5.7851,
        5.5402,
        5.01655,
        4.608,
        4.1094,
        3.6152,
        3.03635,
        2.57285,
        2.1901,
        1.77305,
        1.4063,
        1.1348,
        1.0577,
        0.9586,
        0.828,
        0.67315,
        0.0
    ],
    "serviceLevels": {
        "2": 19944.25,
        "1": 16058.75
    }
}
