{
    "treeWeights": {
        "bd21": true,
        "bd22": true,
        "pu": true,
        "bd13": false,
        "bd23": false,
        "bd12": false,
        "bd24": true,
        "bd11": true,
        "bf1": false,
        "bd14": true
    },
    "avgPurchasing": 7.14335,
    "avgSelling": [
        0.19629999999999992,
        0.16615000000000002,
        0.13980000000000015,
        0.11214999999999975,
        0.11620000000000008,
        0.045250000000000234,
        0.03765000000000018,
        0.19954999999999945,
        0.06264999999999965,
        0.0771500000000005,
        0.7450000000000001,
        0.2636000000000003,
        0.2924000000000002,
        0.3336000000000001,
        0.3764000000000003,
        0.26214999999999966,
        0.3009999999999997,
        0.2901999999999998,
        0.2782,
        0.2742,
        0.01419999999999999,
        0.008150000000000102,
        0.11195,
        0.05735000000000001,
        1.11535
    ],
    "treeDepths": {
        "bd21": 6,
        "bd22": 7,
        "pu": 6,
        "bd13": 7,
        "bd23": 6,
        "bd12": 6,
        "bd24": 7,
        "bd11": 7,
        "bf1": 7,
        "bd14": 8
    },
    "stdProfits": 370.1516347842607,
    "avgProfits": 3284.2457222222542,
    "avgBlendingInventory": [
        6.89745,
        6.54395,
        6.2545,
        6.0118,
        5.8143,
        5.6227,
        5.51145,
        5.41475,
        5.16285,
        5.05025,
        4.92825,
        4.1474,
        3.8538,
        3.53555,
        3.17905,
        2.7836,
        2.50575,
        2.1933,
        1.89275,
        1.607,
        1.3263,
        1.3065,
        1.2933,
        1.17675,
        1.11535
    ],
    "avgPurchasingInventory": [
        6.70115,
        6.3778,
        6.1147,
        5.89965,
        5.6981,
        5.57745,
        5.4738,
        5.2152,
        5.1002,
        4.9731,
        4.18325,
        3.8838,
        3.5614,
        3.20195,
        2.80265,
        2.52145,
        2.20475,
        1.9031,
        1.61455,
        1.3328,
        1.3121,
        1.29835,
        1.18135,
        1.1194,
        0.0
    ],
    "serviceLevels": {
        "2": 19999.75,
        "1": 9383.25
    }
}
