{
    "treeWeights": {
        "bd21": false,
        "bd22": true,
        "pu": false,
        "bd13": true,
        "bd23": true,
        "bd12": true,
        "bd24": true,
        "bd11": false,
        "bf1": true,
        "bd14": false
    },
    "avgPurchasing": 9.412,
    "avgSelling": [
        0.3041499999999999,
        0.2848000000000006,
        0.18879999999999963,
        0.13624999999999954,
        0.11350000000000016,
        0.5020999999999995,
        0.2724500000000001,
        0.2845500000000003,
        0.3055000000000003,
        0.4482499999999998,
        0.82395,
        0.29495000000000005,
        0.3484499999999997,
        0.38160000000000016,
        0.4102999999999999,
        0.32189999999999985,
        0.2979499999999997,
        0.2902499999999999,
        0.24055000000000004,
        0.22089999999999987,
        0.040200000000000014,
        0.03059999999999996,
        0.029900000000000038,
        0.03249999999999997,
        1.2353
    ],
    "treeDepths": {
        "bd21": 7,
        "bd22": 6,
        "pu": 7,
        "bd13": 8,
        "bd23": 8,
        "bd12": 7,
        "bd24": 8,
        "bd11": 6,
        "bf1": 6,
        "bd14": 7
    },
    "stdProfits": 329.9610155583947,
    "avgProfits": 3281.4714666666414,
    "avgBlendingInventory": [
        9.0769,
        8.56675,
        8.1159,
        7.7947,
        7.54785,
        7.3362,
        6.75125,
        6.4043,
        6.0552,
        5.69675,
        5.20185,
        4.341,
        4.01465,
        3.64045,
        3.2377,
        2.80875,
        2.47205,
        2.163,
        1.8634,
        1.61615,
        1.3884,
        1.34265,
        1.30695,
        1.2723,
        1.2353
    ],
    "avgPurchasingInventory": [
        8.77275,
        8.28195,
        7.9271,
        7.65845,
        7.43435,
        6.8341,
        6.4788,
        6.11975,
        5.7497,
        5.2485,
        4.3779,
        4.04605,
        3.6662,
        3.25885,
        2.8274,
        2.48685,
        2.1741,
        1.87275,
        1.62285,
        1.39525,
        1.3482,
        1.31205,
        1.27705,
        1.2398,
        0.0
    ],
    "serviceLevels": {
        "2": 19983.0,
        "1": 19215.25
    }
}
