{
    "treeWeights": {
        "bd21": false,
        "bd22": false,
        "pu": false,
        "bd13": true,
        "bd23": true,
        "bd12": false,
        "bd24": true,
        "bd11": false,
        "bf1": true,
        "bd14": false
    },
    "avgPurchasing": 9.5561,
    "avgSelling": [
        0.5434999999999999,
        0.4477999999999991,
        0.3747500000000006,
        0.35224999999999973,
        0.28115000000000023,
        0.012099999999999334,
        0.024549999999999628,
        0.033949999999999925,
        0.0760500000000004,
        0.18149999999999977,
        1.3565499999999995,
        0.2469999999999999,
        0.33104999999999984,
        0.46835000000000004,
        0.7140499999999999,
        0.21670000000000034,
        0.1376999999999997,
        0.1261000000000001,
        0.10219999999999985,
        0.06645000000000012,
        0.035949999999999926,
        0.0515000000000001,
        0.05394999999999994,
        0.0845499999999999,
        1.67705
    ],
    "treeDepths": {
        "bd21": 6,
        "bd22": 8,
        "pu": 7,
        "bd13": 7,
        "bd23": 6,
        "bd12": 7,
        "bd24": 8,
        "bd11": 8,
        "bf1": 7,
        "bd14": 6
    },
    "stdProfits": 160.77908876482573,
    "avgProfits": 3214.4976444444155,
    "avgBlendingInventory": [
        9.2259,
        8.4744,
        7.86955,
        7.3687,
        6.90615,
        6.53825,
        6.44855,
        6.3536,
        6.2542,
        6.12305,
        5.88735,
        4.4938,
        4.2131,
        3.8536,
        3.36265,
        2.63275,
        2.40345,
        2.2534,
        2.11605,
        2.00475,
        1.9293,
        1.88555,
        1.827,
        1.76725,
        1.67705
    ],
    "avgPurchasingInventory": [
        8.6824,
        8.0266,
        7.4948,
        7.01645,
        6.625,
        6.52615,
        6.424,
        6.31965,
        6.17815,
        5.94155,
        4.5308,
        4.2468,
        3.88205,
        3.38525,
        2.6486,
        2.41605,
        2.26575,
        2.1273,
        2.01385,
        1.9383,
        1.89335,
        1.83405,
        1.77305,
        1.6827,
        0.0
    ],
    "serviceLevels": {
        "2": 19990.5,
        "1": 19993.25
    }
}
