{
    "treeWeights": {
        "bd21": false,
        "bd22": false,
        "pu": true,
        "bd13": false,
        "bd23": false,
        "bd12": false,
        "bd24": false,
        "bd11": false,
        "bf1": true,
        "bd14": true
    },
    "avgPurchasing": 7.17575,
    "avgSelling": [
        0.2104500000000007,
        0.1847000000000003,
        0.1676499999999992,
        0.14774999999999938,
        0.15035000000000043,
        0.011200000000000543,
        0.014349999999999419,
        0.02874999999999961,
        0.05815000000000037,
        0.08555000000000046,
        0.7655500000000002,
        0.4083999999999999,
        0.3898999999999999,
        0.3507500000000001,
        0.3844999999999996,
        0.1856,
        0.21740000000000004,
        0.19600000000000017,
        0.17385000000000006,
        0.1984999999999999,
        0.08945000000000003,
        0.0797000000000001,
        0.15755000000000008,
        0.2310000000000001,
        1.0239
    ],
    "treeDepths": {
        "bd21": 7,
        "bd22": 8,
        "pu": 6,
        "bd13": 7,
        "bd23": 8,
        "bd12": 8,
        "bd24": 7,
        "bd11": 6,
        "bf1": 8,
        "bd14": 8
    },
    "stdProfits": 403.81946595541103,
    "avgProfits": 3318.2171222222514,
    "avgBlendingInventory": [
        6.9271,
        6.5637,
        6.25435,
        5.9857,
        5.74905,
        5.5227,
        5.4434,
        5.3709,
        5.28725,
        5.17705,
        5.0477,
        4.24775,
        3.81125,
        3.39695,
        3.02715,
        2.6273,
        2.42765,
        2.19905,
        1.99235,
        1.80995,
        1.60435,
        1.5075,
        1.4216,
        1.25905,
        1.0239
    ],
    "avgPurchasingInventory": [
        6.71665,
        6.379,
        6.0867,
        5.83795,
        5.5987,
        5.5115,
        5.42905,
        5.34215,
        5.2291,
        5.0915,
        4.28215,
        3.83935,
        3.42135,
        3.0462,
        2.64265,
        2.4417,
        2.21025,
        2.00305,
        1.8185,
        1.61145,
        1.5149,
        1.4278,
        1.26405,
        1.02805,
        0.0
    ],
    "serviceLevels": {
        "2": 19996.75,
        "1": 9558.0
    }
}
