{
    "treeWeights": {
        "bd21": false,
        "bd22": false,
        "pu": false,
        "bd13": false,
        "bd23": true,
        "bd12": false,
        "bd24": false,
        "bd11": false,
        "bf1": false,
        "bd14": false
    },
    "avgPurchasing": 9.53585,
    "avgSelling": [
        0.5146499999999996,
        0.5990500000000001,
        0.3349500000000001,
        0.2973499999999998,
        0.25455000000000005,
        0.003350000000000186,
        0.0063500000000003,
        0.014750000000000263,
        0.04705000000000048,
        0.14414999999999978,
        1.0629999999999997,
        0.4789000000000003,
        0.5234999999999999,
        0.6245500000000002,
        0.7023000000000001,
        0.14129999999999976,
        0.04300000000000015,
        0.04939999999999989,
        0.027200000000000113,
        0.01914999999999978,
        0.12345000000000006,
        0.23134999999999994,
        0.26550000000000007,
        0.23940000000000006,
        1.24485
    ],
    "treeDepths": {
        "bd21": 7,
        "bd22": 8,
        "pu": 7,
        "bd13": 7,
        "bd23": 7,
        "bd12": 7,
        "bd24": 8,
        "bd11": 7,
        "bf1": 7,
        "bd14": 7
    },
    "stdProfits": 230.44656113275363,
    "avgProfits": 3243.7611555555263,
    "avgBlendingInventory": [
        9.20645,
        8.4924,
        7.7429,
        7.2836,
        6.8819,
        6.54035,
        6.4566,
        6.3784,
        6.2972,
        6.19165,
        5.99475,
        4.8939,
        4.383,
        3.82965,
        3.1827,
        2.46555,
        2.3104,
        2.2553,
        2.1953,
        2.15895,
        2.13075,
        1.9986,
        1.76015,
        1.48905,
        1.24485
    ],
    "avgPurchasingInventory": [
        8.6918,
        7.89335,
        7.40795,
        6.98625,
        6.62735,
        6.537,
        6.45025,
        6.36365,
        6.25015,
        6.0475,
        4.93175,
        4.415,
        3.8595,
        3.2051,
        2.4804,
        2.32425,
        2.2674,
        2.2059,
        2.1681,
        2.1398,
        2.0073,
        1.76725,
        1.49465,
        1.24965,
        0.0
    ],
    "serviceLevels": {
        "2": 19965.25,
        "1": 20000.0
    }
}
