{
    "treeWeights": {
        "bd21": true,
        "bd22": false,
        "pu": false,
        "bd13": true,
        "bd23": true,
        "bd12": true,
        "bd24": false,
        "bd11": true,
        "bf1": false,
        "bd14": false
    },
    "avgPurchasing": 9.5107,
    "avgSelling": [
        0.608550000000001,
        0.5947000000000005,
        0.3044500000000001,
        0.25980000000000025,
        0.2102000000000004,
        0.005150000000000432,
        0.006549999999999834,
        0.014249999999999652,
        0.02970000000000006,
        0.08255000000000035,
        0.5921500000000002,
        0.41110000000000024,
        0.5553499999999998,
        0.6029000000000004,
        0.7882500000000001,
        0.3107500000000001,
        0.35530000000000017,
        0.3869499999999999,
        0.31305000000000005,
        0.26754999999999995,
        0.024499999999999966,
        0.0022500000000000853,
        0.25265000000000004,
        0.03869999999999996,
        0.95045
    ],
    "treeDepths": {
        "bd21": 6,
        "bd22": 8,
        "pu": 6,
        "bd13": 8,
        "bd23": 6,
        "bd12": 7,
        "bd24": 6,
        "bd11": 7,
        "bf1": 8,
        "bd14": 6
    },
    "stdProfits": 298.584382577558,
    "avgProfits": 3244.0067666666378,
    "avgBlendingInventory": [
        9.1728,
        8.3657,
        7.62455,
        7.1965,
        6.83525,
        6.5376,
        6.4551,
        6.377,
        6.29945,
        6.20805,
        6.07595,
        5.4412,
        4.99085,
        4.4057,
        3.77705,
        2.97005,
        2.64425,
        2.27745,
        1.8814,
        1.5604,
        1.28685,
        1.25645,
        1.2492,
        0.9923,
        0.95045
    ],
    "avgPurchasingInventory": [
        8.56425,
        7.771,
        7.3201,
        6.9367,
        6.62505,
        6.53245,
        6.44855,
        6.36275,
        6.26975,
        6.1255,
        5.4838,
        5.0301,
        4.4355,
        3.8028,
        2.9888,
        2.6593,
        2.28895,
        1.8905,
        1.56835,
        1.29285,
        1.26235,
        1.2542,
        0.99655,
        0.9536,
        0.0
    ],
    "serviceLevels": {
        "2": 19960.75,
        "1": 19878.25
    }
}
