{
    "treeWeights": {
        "bd21": false,
        "bd22": false,
        "pu": false,
        "bd13": false,
        "bd23": false,
        "bd12": false,
        "bd24": false,
        "bd11": true,
        "bf1": true,
        "bd14": true
    },
    "avgPurchasing": 9.4442,
    "avgSelling": [
        0.5328999999999997,
        0.5550000000000006,
        0.3138499999999995,
        0.27839999999999954,
        0.22940000000000005,
        0.01580000000000048,
        0.017450000000000188,
        0.02540000000000031,
        0.05550000000000033,
        0.14970000000000017,
        0.45899999999999963,
        0.4485000000000001,
        0.5793499999999998,
        0.6680000000000006,
        0.7796000000000003,
        0.2902,
        0.3250499999999996,
        0.33319999999999994,
        0.3426,
        0.27980000000000005,
        0.06439999999999979,
        0.10685000000000011,
        0.22210000000000008,
        0.1754,
        0.6633
    ],
    "treeDepths": {
        "bd21": 7,
        "bd22": 7,
        "pu": 7,
        "bd13": 8,
        "bd23": 6,
        "bd12": 8,
        "bd24": 7,
        "bd11": 8,
        "bf1": 7,
        "bd14": 7
    },
    "stdProfits": 210.76429986369544,
    "avgProfits": 3235.9610666666395,
    "avgBlendingInventory": [
        9.11535,
        8.38175,
        7.67925,
        7.2414,
        6.8569,
        6.54145,
        6.44465,
        6.3571,
        6.2664,
        6.1543,
        5.95355,
        5.45065,
        4.96585,
        4.355,
        3.6634,
        2.8675,
        2.5622,
        2.22655,
        1.8831,
        1.53265,
        1.2469,
        1.1785,
        1.06665,
        0.8412,
        0.6633
    ],
    "avgPurchasingInventory": [
        8.58245,
        7.82675,
        7.3654,
        6.963,
        6.6275,
        6.52565,
        6.4272,
        6.3317,
        6.2109,
        6.0046,
        5.49455,
        5.00215,
        4.3865,
        3.687,
        2.8838,
        2.5773,
        2.23715,
        1.89335,
        1.5405,
        1.25285,
        1.1825,
        1.07165,
        0.84455,
        0.6658,
        0.0
    ],
    "serviceLevels": {
        "2": 19993.5,
        "1": 19560.25
    }
}
