{
    "treeWeights": {
        "bd21": false,
        "bd22": true,
        "pu": false,
        "bd13": true,
        "bd23": true,
        "bd12": false,
        "bd24": true,
        "bd11": false,
        "bf1": true,
        "bd14": false
    },
    "avgPurchasing": 9.1948,
    "avgSelling": [
        0.0,
        0.0,
        0.1227999999999998,
        0.21424999999999983,
        0.18554999999999922,
        0.3481499999999995,
        0.4757000000000007,
        0.05549999999999944,
        0.11545000000000005,
        0.14259999999999984,
        0.2322999999999995,
        0.19920000000000027,
        0.6985000000000001,
        0.39639999999999986,
        0.8517000000000001,
        0.3218000000000001,
        0.38585,
        0.1958000000000002,
        0.34365000000000023,
        0.4377500000000003,
        0.34319999999999995,
        0.23535000000000017,
        0.0847500000000001,
        0.11434999999999995,
        1.01065
    ],
    "treeDepths": {
        "bd21": 7,
        "bd22": 8,
        "pu": 7,
        "bd13": 8,
        "bd23": 6,
        "bd12": 6,
        "bd24": 6,
        "bd11": 8,
        "bf1": 7,
        "bd14": 6
    },
    "stdProfits": 366.26740183532354,
    "avgProfits": 2966.4944466666684,
    "avgBlendingInventory": [
        8.84485,
        8.62925,
        8.45375,
        8.18165,
        7.8443,
        7.5577,
        7.12375,
        6.5759,
        6.45805,
        6.2832,
        6.09125,
        5.8139,
        5.5773,
        4.84515,
        4.42075,
        3.54975,
        3.21055,
        2.81035,
        2.6021,
        2.2482,
        1.80405,
        1.455,
        1.21575,
        1.1276,
        1.01065
    ],
    "avgPurchasingInventory": [
        8.84485,
        8.62925,
        8.33095,
        7.9674,
        7.65875,
        7.20955,
        6.64805,
        6.5204,
        6.3426,
        6.1406,
        5.85895,
        5.6147,
        4.8788,
        4.44875,
        3.56905,
        3.22795,
        2.8247,
        2.61455,
        2.25845,
        1.81045,
        1.46085,
        1.21965,
        1.131,
        1.01325,
        0.0
    ],
    "serviceLevels": {
        "2": 19969.25,
        "1": 17587.0
    }
}
